trust_code,trust_name,icb_name,period,total_waiting,within_18_weeks,over_52_weeks,pct_within_18_weeks,performance_band,missed_target
F2C9F,ACES HARLEY STREET,NHS WEST AND NORTH LONDON INTEGRATED CARE BOARD,April 2026,1,0,0,0.0,Below 70%,True
X1M4L,ACES MAIDSTONE,NHS KENT AND MEDWAY INTEGRATED CARE BOARD,April 2026,2,0,0,0.0,Below 70%,True
DXN,MODALITY LLP,NHS BLACK COUNTRY INTEGRATED CARE BOARD,April 2026,2665,158,54,0.0593,Below 70%,True
NT214,"NUFFIELD HEALTH, WESSEX HOSPITAL",NHS HAMPSHIRE AND ISLE OF WIGHT INTEGRATED CARE BOARD,April 2026,583,173,2,0.2967,Below 70%,True
NT304,SPIRE SOUTHAMPTON HOSPITAL,NHS HAMPSHIRE AND ISLE OF WIGHT INTEGRATED CARE BOARD,April 2026,307,93,6,0.3029,Below 70%,True
N8Z8E,ACES TORQUAY,NHS DEVON INTEGRATED CARE BOARD,April 2026,3,1,0,0.3333,Below 70%,True
NT211,"NUFFIELD HEALTH, CHELTENHAM HOSPITAL",NHS GLOUCESTERSHIRE INTEGRATED CARE BOARD,April 2026,47,18,5,0.383,Below 70%,True
RT1,CAMBRIDGESHIRE AND PETERBOROUGH NHS FOUNDATION TRUST,NHS CENTRAL EAST INTEGRATED CARE BOARD,April 2026,153,61,6,0.3987,Below 70%,True
P1G3N,ACES LEEDS WHITE ROSE,NHS WEST YORKSHIRE INTEGRATED CARE BOARD,April 2026,5,2,0,0.4,Below 70%,True
NT343,SPIRE THAMES VALLEY HOSPITAL,NHS THAMES VALLEY INTEGRATED CARE BOARD,April 2026,448,197,8,0.4397,Below 70%,True
S3H9L,THE HAMPTONS HOSPITAL LTD,NHS CENTRAL EAST INTEGRATED CARE BOARD,April 2026,735,344,30,0.468,Below 70%,True
NT229,"NUFFIELD HEALTH, NEWCASTLE UPON TYNE HOSPITAL",NHS NORTH EAST AND NORTH CUMBRIA INTEGRATED CARE BOARD,April 2026,507,238,27,0.4694,Below 70%,True
NT423,MANOR HOSPITAL,NHS CENTRAL EAST INTEGRATED CARE BOARD,April 2026,671,315,6,0.4694,Below 70%,True
NVC16,RENACRES HOSPITAL,NHS LANCASHIRE AND SOUTH CUMBRIA INTEGRATED CARE BOARD,April 2026,4927,2340,60,0.4749,Below 70%,True
NVC06,FITZWILLIAM HOSPITAL,NHS CENTRAL EAST INTEGRATED CARE BOARD,April 2026,6612,3183,103,0.4814,Below 70%,True
NT433,SARUM ROAD HOSPITAL,NHS HAMPSHIRE AND ISLE OF WIGHT INTEGRATED CARE BOARD,April 2026,284,137,2,0.4824,Below 70%,True
NT215,"NUFFIELD HEALTH, EXETER HOSPITAL",NHS DEVON INTEGRATED CARE BOARD,April 2026,381,187,30,0.4908,Below 70%,True
RAJ,MID AND SOUTH ESSEX NHS FOUNDATION TRUST,NHS ESSEX INTEGRATED CARE BOARD,April 2026,174395,85938,12286,0.4928,Below 70%,True
NT434,SAXON CLINIC,NHS CENTRAL EAST INTEGRATED CARE BOARD,April 2026,785,393,8,0.5006,Below 70%,True
NT209,"NUFFIELD HEALTH, CAMBRIDGE HOSPITAL",NHS CENTRAL EAST INTEGRATED CARE BOARD,April 2026,192,97,1,0.5052,Below 70%,True
NT205,"NUFFIELD HEALTH, BRIGHTON HOSPITAL",NHS SURREY AND SUSSEX INTEGRATED CARE BOARD,April 2026,810,412,95,0.5086,Below 70%,True
NXM01,THE HORDER CENTRE - ST JOHNS ROAD,NHS SURREY AND SUSSEX INTEGRATED CARE BOARD,April 2026,1242,640,7,0.5153,Below 70%,True
NT446,ST EDMUNDS HOSPITAL,NHS NORFOLK AND SUFFOLK INTEGRATED CARE BOARD,April 2026,521,269,1,0.5163,Below 70%,True
TAD,BRADFORD DISTRICT CARE NHS FOUNDATION TRUST,NHS WEST YORKSHIRE INTEGRATED CARE BOARD,April 2026,568,297,26,0.5229,Below 70%,True
RDR,SUSSEX COMMUNITY NHS FOUNDATION TRUST,NHS SURREY AND SUSSEX INTEGRATED CARE BOARD,April 2026,12734,6679,116,0.5245,Below 70%,True
NT204,"NUFFIELD HEALTH, BRENTWOOD HOSPITAL",NHS ESSEX INTEGRATED CARE BOARD,April 2026,2236,1177,249,0.5264,Below 70%,True
NT216,"NUFFIELD HEALTH, GUILDFORD HOSPITAL",NHS SURREY AND SUSSEX INTEGRATED CARE BOARD,April 2026,72,38,1,0.5278,Below 70%,True
RL1,THE ROBERT JONES AND AGNES HUNT ORTHOPAEDIC HOSPITAL NHS FOUNDATION TRUST,"NHS SHROPSHIRE, TELFORD AND WREKIN INTEGRATED CARE BOARD",April 2026,23494,12402,2768,0.5279,Below 70%,True
RYR,UNIVERSITY HOSPITALS SUSSEX NHS FOUNDATION TRUST,NHS SURREY AND SUSSEX INTEGRATED CARE BOARD,April 2026,115713,62192,4076,0.5375,Below 70%,True
NT302,SPIRE BRISTOL HOSPITAL,"NHS BRISTOL, NORTH SOMERSET AND SOUTH GLOUCESTERSHIRE INTEGRATED CARE BOARD",April 2026,733,396,7,0.5402,Below 70%,True
NT345,SPIRE CLARE PARK HOSPITAL,NHS HAMPSHIRE AND ISLE OF WIGHT INTEGRATED CARE BOARD,April 2026,352,193,1,0.5483,Below 70%,True
NT322,SPIRE LEICESTER HOSPITAL,"NHS LEICESTER, LEICESTERSHIRE AND RUTLAND INTEGRATED CARE BOARD",April 2026,923,507,11,0.5493,Below 70%,True
V3J9W,PASTEL HEALTH,NHS NORTH EAST LONDON INTEGRATED CARE BOARD,April 2026,118,65,1,0.5508,Below 70%,True
NT364,SPIRE MONTEFIORE HOSPITAL,NHS SURREY AND SUSSEX INTEGRATED CARE BOARD,April 2026,610,338,14,0.5541,Below 70%,True
RGP,JAMES PAGET UNIVERSITY HOSPITALS NHS FOUNDATION TRUST,NHS NORFOLK AND SUFFOLK INTEGRATED CARE BOARD,April 2026,32908,18348,1328,0.5576,Below 70%,True
NT417,GORING HALL HOSPITAL,NHS SURREY AND SUSSEX INTEGRATED CARE BOARD,April 2026,784,441,0,0.5625,Below 70%,True
RWA,HULL UNIVERSITY TEACHING HOSPITALS NHS TRUST,NHS HUMBER AND NORTH YORKSHIRE INTEGRATED CARE BOARD,April 2026,83615,47106,2888,0.5634,Below 70%,True
NT206,"NUFFIELD HEALTH, BRISTOL HOSPITAL (CHESTERFIELD)","NHS BRISTOL, NORTH SOMERSET AND SOUTH GLOUCESTERSHIRE INTEGRATED CARE BOARD",April 2026,683,385,1,0.5637,Below 70%,True
NT218,"NUFFIELD HEALTH, HAYWARDS HEATH HOSPITAL",NHS SURREY AND SUSSEX INTEGRATED CARE BOARD,April 2026,444,251,11,0.5653,Below 70%,True
NVC44,THE WESTBOURNE CENTRE,NHS BIRMINGHAM AND SOLIHULL INTEGRATED CARE BOARD,April 2026,3423,1935,21,0.5653,Below 70%,True
RCB,YORK AND SCARBOROUGH TEACHING HOSPITALS NHS FOUNDATION TRUST,NHS HUMBER AND NORTH YORKSHIRE INTEGRATED CARE BOARD,April 2026,55098,31166,996,0.5656,Below 70%,True
NT213,"NUFFIELD HEALTH, DERBY HOSPITAL",NHS DERBY AND DERBYSHIRE INTEGRATED CARE BOARD,April 2026,1193,675,16,0.5658,Below 70%,True
NT305,SPIRE PORTSMOUTH HOSPITAL,NHS HAMPSHIRE AND ISLE OF WIGHT INTEGRATED CARE BOARD,April 2026,473,268,2,0.5666,Below 70%,True
RVV,EAST KENT HOSPITALS UNIVERSITY NHS FOUNDATION TRUST,NHS KENT AND MEDWAY INTEGRATED CARE BOARD,April 2026,80697,45735,1992,0.5667,Below 70%,True
RN3,GREAT WESTERN HOSPITALS NHS FOUNDATION TRUST,"NHS BATH AND NORTH EAST SOMERSET, SWINDON AND WILTSHIRE INTEGRATED CARE BOARD",April 2026,44196,25069,1002,0.5672,Below 70%,True
RXN,LANCASHIRE TEACHING HOSPITALS NHS FOUNDATION TRUST,NHS LANCASHIRE AND SOUTH CUMBRIA INTEGRATED CARE BOARD,April 2026,61329,35186,840,0.5737,Below 70%,True
NVC0I,BEACON PARK HOSPITAL,NHS STAFFORDSHIRE AND STOKE-ON-TRENT INTEGRATED CARE BOARD,April 2026,1405,808,1,0.5751,Below 70%,True
NVC08,MOUNT STUART HOSPITAL,NHS DEVON INTEGRATED CARE BOARD,April 2026,2275,1314,25,0.5776,Below 70%,True
NVC13,OAKS HOSPITAL,NHS ESSEX INTEGRATED CARE BOARD,April 2026,1123,649,4,0.5779,Below 70%,True
NT418,HAMPSHIRE CLINIC,NHS HAMPSHIRE AND ISLE OF WIGHT INTEGRATED CARE BOARD,April 2026,337,195,1,0.5786,Below 70%,True
RWE,UNIVERSITY HOSPITALS OF LEICESTER NHS TRUST,"NHS LEICESTER, LEICESTERSHIRE AND RUTLAND INTEGRATED CARE BOARD",April 2026,114992,66669,2427,0.5798,Below 70%,True
RM3,NORTHERN CARE ALLIANCE NHS FOUNDATION TRUST,NHS GREATER MANCHESTER INTEGRATED CARE BOARD,April 2026,132998,77562,3799,0.5832,Below 70%,True
NT238,"NUFFIELD HEALTH, TAUNTON HOSPITAL",NHS SOMERSET INTEGRATED CARE BOARD,April 2026,533,311,3,0.5835,Below 70%,True
RKB,UNIVERSITY HOSPITALS COVENTRY AND WARWICKSHIRE NHS TRUST,NHS COVENTRY AND WARWICKSHIRE INTEGRATED CARE BOARD,April 2026,73270,42793,1729,0.584,Below 70%,True
B3M1X,CLAREMONT PRIVATE HOSPITAL,NHS SOUTH YORKSHIRE INTEGRATED CARE BOARD,April 2026,2935,1719,17,0.5857,Below 70%,True
NT450,LINCOLN PRIVATE HOSPITAL,NHS LINCOLNSHIRE INTEGRATED CARE BOARD,April 2026,1152,678,0,0.5885,Below 70%,True
RJN,EAST CHESHIRE NHS TRUST,NHS CHESHIRE AND MERSEYSIDE INTEGRATED CARE BOARD,April 2026,16884,9939,412,0.5887,Below 70%,True
DXV,OMNES HEALTHCARE LTD,NHS GREATER MANCHESTER INTEGRATED CARE BOARD,April 2026,13304,7841,205,0.5894,Below 70%,True
RCX,"THE QUEEN ELIZABETH HOSPITAL, KING'S LYNN, NHS FOUNDATION TRUST",NHS NORFOLK AND SUFFOLK INTEGRATED CARE BOARD,April 2026,25153,14832,349,0.5897,Below 70%,True
RHU,PORTSMOUTH HOSPITALS UNIVERSITY NHS TRUST,NHS HAMPSHIRE AND ISLE OF WIGHT INTEGRATED CARE BOARD,April 2026,56604,33486,2101,0.5916,Below 70%,True
NT317,SPIRE CAMBRIDGE LEA HOSPITAL,NHS CENTRAL EAST INTEGRATED CARE BOARD,April 2026,309,183,2,0.5922,Below 70%,True
NT351,SPIRE HULL AND EAST RIDING HOSPITAL,NHS HUMBER AND NORTH YORKSHIRE INTEGRATED CARE BOARD,April 2026,2570,1525,0,0.5934,Below 70%,True
NVC17,ROWLEY HALL HOSPITAL,NHS STAFFORDSHIRE AND STOKE-ON-TRENT INTEGRATED CARE BOARD,April 2026,2553,1516,1,0.5938,Below 70%,True
W7J4C,ACES MANCHESTER,NHS GREATER MANCHESTER INTEGRATED CARE BOARD,April 2026,74,44,0,0.5946,Below 70%,True
NT401,ALEXANDRA HOSPITAL,NHS GREATER MANCHESTER INTEGRATED CARE BOARD,April 2026,678,406,0,0.5988,Below 70%,True
RGN,NORTH WEST ANGLIA NHS FOUNDATION TRUST,NHS CENTRAL EAST INTEGRATED CARE BOARD,April 2026,78854,47396,428,0.6011,Below 70%,True
RRF,"WRIGHTINGTON, WIGAN AND LEIGH TEACHING HOSPITALS NHS FOUNDATION TRUST",NHS GREATER MANCHESTER INTEGRATED CARE BOARD,April 2026,44118,26547,945,0.6017,Below 70%,True
NN8,SPENCER PRIVATE HOSPITALS LTD,NHS KENT AND MEDWAY INTEGRATED CARE BOARD,April 2026,3720,2239,30,0.6019,Below 70%,True
NYR,CORA HEALTH DIAGNOSTICS (FORMERLY HEALTHSHARE DIAGNOSTICS),NHS KENT AND MEDWAY INTEGRATED CARE BOARD,April 2026,1803,1086,39,0.6023,Below 70%,True
RL4,THE ROYAL WOLVERHAMPTON NHS TRUST,NHS BLACK COUNTRY INTEGRATED CARE BOARD,April 2026,73776,44448,1903,0.6025,Below 70%,True
RBD,DORSET COUNTY HOSPITAL NHS FOUNDATION TRUST,NHS DORSET INTEGRATED CARE BOARD,April 2026,21967,13253,296,0.6033,Below 70%,True
NT230,"NUFFIELD HEALTH, NORTH STAFFORDSHIRE HOSPITAL",NHS STAFFORDSHIRE AND STOKE-ON-TRENT INTEGRATED CARE BOARD,April 2026,1228,741,13,0.6034,Below 70%,True
NT441,THREE SHIRES HOSPITAL,NHS NORTHAMPTONSHIRE INTEGRATED CARE BOARD,April 2026,3666,2212,24,0.6034,Below 70%,True
NEY,PIONEER HEALTHCARE LIMITED,NHS HAMPSHIRE AND ISLE OF WIGHT INTEGRATED CARE BOARD,April 2026,101,61,10,0.604,Below 70%,True
RXL,BLACKPOOL TEACHING HOSPITALS NHS FOUNDATION TRUST,NHS LANCASHIRE AND SOUTH CUMBRIA INTEGRATED CARE BOARD,April 2026,40353,24408,954,0.6049,Below 70%,True
RWD,UNITED LINCOLNSHIRE TEACHING HOSPITALS NHS TRUST,NHS LINCOLNSHIRE INTEGRATED CARE BOARD,April 2026,69079,41863,624,0.606,Below 70%,True
REM,LIVERPOOL UNIVERSITY HOSPITALS NHS FOUNDATION TRUST,NHS CHESHIRE AND MERSEYSIDE INTEGRATED CARE BOARD,April 2026,59708,36247,664,0.6071,Below 70%,True
RMC,BOLTON NHS FOUNDATION TRUST,NHS GREATER MANCHESTER INTEGRATED CARE BOARD,April 2026,36779,22345,440,0.6075,Below 70%,True
RDU,FRIMLEY HEALTH NHS FOUNDATION TRUST,NHS SURREY AND SUSSEX INTEGRATED CARE BOARD,April 2026,66122,40183,662,0.6077,Below 70%,True
AVQ03,ONE HATFIELD HOSPITAL,NHS CENTRAL EAST INTEGRATED CARE BOARD,April 2026,598,364,13,0.6087,Below 70%,True
RNS,NORTHAMPTON GENERAL HOSPITAL NHS TRUST,NHS NORTHAMPTONSHIRE INTEGRATED CARE BOARD,April 2026,40837,24880,413,0.6093,Below 70%,True
REP,LIVERPOOL WOMEN'S NHS FOUNDATION TRUST,NHS CHESHIRE AND MERSEYSIDE INTEGRATED CARE BOARD,April 2026,11826,7211,292,0.6098,Below 70%,True
RTG,UNIVERSITY HOSPITALS OF DERBY AND BURTON NHS FOUNDATION TRUST,NHS DERBY AND DERBYSHIRE INTEGRATED CARE BOARD,April 2026,94758,57779,1526,0.6098,Below 70%,True
NVC27,BOSTON WEST HOSPITAL,NHS LINCOLNSHIRE INTEGRATED CARE BOARD,April 2026,2411,1474,10,0.6114,Below 70%,True
RN7,DARTFORD AND GRAVESHAM NHS TRUST,NHS KENT AND MEDWAY INTEGRATED CARE BOARD,April 2026,30535,18686,413,0.612,Below 70%,True
RD8,MILTON KEYNES UNIVERSITY HOSPITAL NHS FOUNDATION TRUST,NHS CENTRAL EAST INTEGRATED CARE BOARD,April 2026,35617,21842,952,0.6132,Below 70%,True
RPC,QUEEN VICTORIA HOSPITAL NHS FOUNDATION TRUST,NHS SURREY AND SUSSEX INTEGRATED CARE BOARD,April 2026,21369,13115,230,0.6137,Below 70%,True
RJL,NORTHERN LINCOLNSHIRE AND GOOLE NHS FOUNDATION TRUST,NHS HUMBER AND NORTH YORKSHIRE INTEGRATED CARE BOARD,April 2026,40794,25050,915,0.6141,Below 70%,True
RFS,CHESTERFIELD ROYAL HOSPITAL NHS FOUNDATION TRUST,NHS DERBY AND DERBYSHIRE INTEGRATED CARE BOARD,April 2026,27428,16872,668,0.6151,Below 70%,True
RDE,EAST SUFFOLK AND NORTH ESSEX NHS FOUNDATION TRUST,NHS ESSEX INTEGRATED CARE BOARD,April 2026,91426,56245,162,0.6152,Below 70%,True
RP5,DONCASTER AND BASSETLAW TEACHING HOSPITALS NHS FOUNDATION TRUST,NHS SOUTH YORKSHIRE INTEGRATED CARE BOARD,April 2026,53490,32933,1165,0.6157,Below 70%,True
RPA,MEDWAY NHS FOUNDATION TRUST,NHS KENT AND MEDWAY INTEGRATED CARE BOARD,April 2026,34091,21000,368,0.616,Below 70%,True
RC9,BEDFORDSHIRE HOSPITALS NHS FOUNDATION TRUST,NHS CENTRAL EAST INTEGRATED CARE BOARD,April 2026,79577,49090,525,0.6169,Below 70%,True
RWJ,STOCKPORT NHS FOUNDATION TRUST,NHS GREATER MANCHESTER INTEGRATED CARE BOARD,April 2026,34329,21191,200,0.6173,Below 70%,True
NVC04,DUCHY HOSPITAL,NHS CORNWALL AND THE ISLES OF SCILLY INTEGRATED CARE BOARD,April 2026,1736,1074,11,0.6187,Below 70%,True
RXQ,BUCKINGHAMSHIRE HEALTHCARE NHS TRUST,NHS THAMES VALLEY INTEGRATED CARE BOARD,April 2026,46357,28689,69,0.6189,Below 70%,True
NVC29,COBALT HOSPITAL,NHS NORTH EAST AND NORTH CUMBRIA INTEGRATED CARE BOARD,April 2026,1916,1188,4,0.62,Below 70%,True
RTH,OXFORD UNIVERSITY HOSPITALS NHS FOUNDATION TRUST,NHS THAMES VALLEY INTEGRATED CARE BOARD,April 2026,90210,55998,1599,0.6208,Below 70%,True
RQ3,BIRMINGHAM WOMEN'S AND CHILDREN'S NHS FOUNDATION TRUST,NHS BIRMINGHAM AND SOLIHULL INTEGRATED CARE BOARD,April 2026,21792,13533,130,0.621,Below 70%,True
RTK,ASHFORD AND ST PETER'S HOSPITALS NHS FOUNDATION TRUST,NHS SURREY AND SUSSEX INTEGRATED CARE BOARD,April 2026,51389,31940,610,0.6215,Below 70%,True
RXK,SANDWELL AND WEST BIRMINGHAM HOSPITALS NHS TRUST,NHS BLACK COUNTRY INTEGRATED CARE BOARD,April 2026,65630,40862,319,0.6226,Below 70%,True
RWP,WORCESTERSHIRE ACUTE HOSPITALS NHS TRUST,NHS HEREFORDSHIRE AND WORCESTERSHIRE INTEGRATED CARE BOARD,April 2026,57248,35648,818,0.6227,Below 70%,True
RH8,ROYAL DEVON UNIVERSITY HEALTHCARE NHS FOUNDATION TRUST,NHS DEVON INTEGRATED CARE BOARD,April 2026,73746,45947,1302,0.623,Below 70%,True
NVC15,PINEHILL HOSPITAL,NHS CENTRAL EAST INTEGRATED CARE BOARD,April 2026,1818,1133,6,0.6232,Below 70%,True
L4R3R,NEWMEDICA - HAMPSHIRE,NHS HAMPSHIRE AND ISLE OF WIGHT INTEGRATED CARE BOARD,April 2026,2321,1447,12,0.6234,Below 70%,True
RM1,NORFOLK AND NORWICH UNIVERSITY HOSPITALS NHS FOUNDATION TRUST,NHS NORFOLK AND SUFFOLK INTEGRATED CARE BOARD,April 2026,68482,42723,1875,0.6239,Below 70%,True
R1K,LONDON NORTH WEST UNIVERSITY HEALTHCARE NHS TRUST,NHS WEST AND NORTH LONDON INTEGRATED CARE BOARD,April 2026,82819,51711,792,0.6244,Below 70%,True
RRV,UNIVERSITY COLLEGE LONDON HOSPITALS NHS FOUNDATION TRUST,NHS WEST AND NORTH LONDON INTEGRATED CARE BOARD,April 2026,77047,48125,1340,0.6246,Below 70%,True
NT404,BEAUMONT HOSPITAL,NHS GREATER MANCHESTER INTEGRATED CARE BOARD,April 2026,3194,2000,1,0.6262,Below 70%,True
RAS,THE HILLINGDON HOSPITALS NHS FOUNDATION TRUST,NHS WEST AND NORTH LONDON INTEGRATED CARE BOARD,April 2026,33474,21004,111,0.6275,Below 70%,True
N8R1N,NEWMEDICA - BERKSHIRE,NHS THAMES VALLEY INTEGRATED CARE BOARD,April 2026,1552,974,14,0.6276,Below 70%,True
RX1,NOTTINGHAM UNIVERSITY HOSPITALS NHS TRUST,NHS NOTTINGHAM AND NOTTINGHAMSHIRE INTEGRATED CARE BOARD,April 2026,85166,53483,1902,0.628,Below 70%,True
NVC23,WOODLAND HOSPITAL,NHS NORTHAMPTONSHIRE INTEGRATED CARE BOARD,April 2026,4941,3104,2,0.6282,Below 70%,True
R1H,BARTS HEALTH NHS TRUST,NHS NORTH EAST LONDON INTEGRATED CARE BOARD,April 2026,121803,76571,1192,0.6286,Below 70%,True
NT412,DROITWICH SPA HOSPITAL,NHS HEREFORDSHIRE AND WORCESTERSHIRE INTEGRATED CARE BOARD,April 2026,1465,922,3,0.6294,Below 70%,True
R0A,MANCHESTER UNIVERSITY NHS FOUNDATION TRUST,NHS GREATER MANCHESTER INTEGRATED CARE BOARD,April 2026,168774,106261,1487,0.6296,Below 70%,True
RJ7,ST GEORGE'S UNIVERSITY HOSPITALS NHS FOUNDATION TRUST,NHS SOUTH WEST LONDON INTEGRATED CARE BOARD,April 2026,68139,42914,471,0.6298,Below 70%,True
RNQ,KETTERING GENERAL HOSPITAL NHS FOUNDATION TRUST,NHS NORTHAMPTONSHIRE INTEGRATED CARE BOARD,April 2026,25456,16061,111,0.6309,Below 70%,True
RAL,ROYAL FREE LONDON NHS FOUNDATION TRUST,NHS WEST AND NORTH LONDON INTEGRATED CARE BOARD,April 2026,136968,86436,1751,0.6311,Below 70%,True
NT314,SPIRE LONDON EAST,NHS NORTH EAST LONDON INTEGRATED CARE BOARD,April 2026,3436,2170,47,0.6315,Below 70%,True
R1F,ISLE OF WIGHT NHS TRUST,NHS HAMPSHIRE AND ISLE OF WIGHT INTEGRATED CARE BOARD,April 2026,12757,8057,64,0.6316,Below 70%,True
NVC28,CLIFTON PARK HOSPITAL,NHS HUMBER AND NORTH YORKSHIRE INTEGRATED CARE BOARD,April 2026,1567,993,7,0.6337,Below 70%,True
RA2,ROYAL SURREY NHS FOUNDATION TRUST,NHS SURREY AND SUSSEX INTEGRATED CARE BOARD,April 2026,31023,19670,416,0.634,Below 70%,True
NTP11,PRACTICE PLUS GROUP HOSPITAL - SOUTHAMPTON,NHS HAMPSHIRE AND ISLE OF WIGHT INTEGRATED CARE BOARD,April 2026,10899,6912,12,0.6342,Below 70%,True
Q2Y5H,OVIVA UK LTD,NHS SOUTH EAST LONDON INTEGRATED CARE BOARD,April 2026,7478,4743,195,0.6343,Below 70%,True
RGT,CAMBRIDGE UNIVERSITY HOSPITALS NHS FOUNDATION TRUST,NHS CENTRAL EAST INTEGRATED CARE BOARD,April 2026,59754,37901,940,0.6343,Below 70%,True
X0R3Y,ACES LEEDS KING STREET,NHS WEST YORKSHIRE INTEGRATED CARE BOARD,April 2026,11,7,1,0.6364,Below 70%,True
RK5,SHERWOOD FOREST HOSPITALS NHS FOUNDATION TRUST,NHS NOTTINGHAM AND NOTTINGHAMSHIRE INTEGRATED CARE BOARD,April 2026,33263,21182,348,0.6368,Below 70%,True
RBT,MID CHESHIRE HOSPITALS NHS FOUNDATION TRUST,NHS CHESHIRE AND MERSEYSIDE INTEGRATED CARE BOARD,April 2026,30415,19370,332,0.6369,Below 70%,True
RPG,OXLEAS NHS FOUNDATION TRUST,NHS SOUTH EAST LONDON INTEGRATED CARE BOARD,April 2026,1590,1016,228,0.639,Below 70%,True
RJE,UNIVERSITY HOSPITALS OF NORTH MIDLANDS NHS TRUST,NHS STAFFORDSHIRE AND STOKE-ON-TRENT INTEGRATED CARE BOARD,April 2026,68459,43857,1285,0.6406,Below 70%,True
RJ2,LEWISHAM AND GREENWICH NHS TRUST,NHS SOUTH EAST LONDON INTEGRATED CARE BOARD,April 2026,56315,36116,848,0.6413,Below 70%,True
RN5,HAMPSHIRE HOSPITALS NHS FOUNDATION TRUST,NHS HAMPSHIRE AND ISLE OF WIGHT INTEGRATED CARE BOARD,April 2026,48849,31396,1263,0.6427,Below 70%,True
NT233,"NUFFIELD HEALTH, PLYMOUTH HOSPITAL",NHS DEVON INTEGRATED CARE BOARD,April 2026,946,608,9,0.6427,Below 70%,True
RHM,UNIVERSITY HOSPITAL SOUTHAMPTON NHS FOUNDATION TRUST,NHS HAMPSHIRE AND ISLE OF WIGHT INTEGRATED CARE BOARD,April 2026,61236,39375,1199,0.643,Below 70%,True
NVC05,EUXTON HALL HOSPITAL,NHS LANCASHIRE AND SOUTH CUMBRIA INTEGRATED CARE BOARD,April 2026,3350,2156,5,0.6436,Below 70%,True
NT210,"NUFFIELD HEALTH, THE GROSVENOR HOSPITAL, CHESTER",NHS CHESHIRE AND MERSEYSIDE INTEGRATED CARE BOARD,April 2026,444,286,0,0.6441,Below 70%,True
RLT,GEORGE ELIOT HOSPITAL NHS TRUST,NHS COVENTRY AND WARWICKSHIRE INTEGRATED CARE BOARD,April 2026,19569,12622,133,0.645,Below 70%,True
AHP,ST MICHAEL'S CLINIC LIMITED,"NHS SHROPSHIRE, TELFORD AND WREKIN INTEGRATED CARE BOARD",April 2026,1691,1091,24,0.6452,Below 70%,True
NVC12,OAKLANDS HOSPITAL,NHS GREATER MANCHESTER INTEGRATED CARE BOARD,April 2026,3653,2357,0,0.6452,Below 70%,True
NT313,SPIRE WELLESLEY HOSPITAL,NHS ESSEX INTEGRATED CARE BOARD,April 2026,1179,761,14,0.6455,Below 70%,True
RWW,NORTH CHESHIRE AND MERSEY NHS FOUNDATION TRUST,NHS CHESHIRE AND MERSEYSIDE INTEGRATED CARE BOARD,April 2026,33663,21759,248,0.6464,Below 70%,True
RNN,NORTH CUMBRIA INTEGRATED CARE NHS FOUNDATION TRUST,NHS NORTH EAST AND NORTH CUMBRIA INTEGRATED CARE BOARD,April 2026,35167,22790,492,0.6481,Below 70%,True
NT427,PARK HOSPITAL,NHS NOTTINGHAM AND NOTTINGHAMSHIRE INTEGRATED CARE BOARD,April 2026,2104,1364,32,0.6483,Below 70%,True
RLQ,WYE VALLEY NHS TRUST,NHS HEREFORDSHIRE AND WORCESTERSHIRE INTEGRATED CARE BOARD,April 2026,26420,17162,566,0.6496,Below 70%,True
H4J9P,NEWMEDICA AZTEC WEST,"NHS BRISTOL, NORTH SOMERSET AND SOUTH GLOUCESTERSHIRE INTEGRATED CARE BOARD",April 2026,894,581,2,0.6499,Below 70%,True
NRF,UNIVERSITY OF SOUTHAMPTON AUDITORY IMPLANT SERVICE,NHS HAMPSHIRE AND ISLE OF WIGHT INTEGRATED CARE BOARD,April 2026,180,117,7,0.65,Below 70%,True
RET,THE WALTON CENTRE NHS FOUNDATION TRUST,NHS CHESHIRE AND MERSEYSIDE INTEGRATED CARE BOARD,April 2026,15427,10037,197,0.6506,Below 70%,True
RNA,THE DUDLEY GROUP NHS FOUNDATION TRUST,NHS BLACK COUNTRY INTEGRATED CARE BOARD,April 2026,46643,30359,6,0.6509,Below 70%,True
F1Y1H,NEWMEDICA - CHESHIRE OAKS,NHS CHESHIRE AND MERSEYSIDE INTEGRATED CARE BOARD,April 2026,582,379,4,0.6512,Below 70%,True
NVC21,WEST MIDLANDS HOSPITAL,NHS BLACK COUNTRY INTEGRATED CARE BOARD,April 2026,497,324,8,0.6519,Below 70%,True
RGR,WEST SUFFOLK NHS FOUNDATION TRUST,NHS NORFOLK AND SUFFOLK INTEGRATED CARE BOARD,April 2026,31003,20242,422,0.6529,Below 70%,True
RQW,THE PRINCESS ALEXANDRA HOSPITAL NHS TRUST,NHS ESSEX INTEGRATED CARE BOARD,April 2026,38611,25219,454,0.6532,Below 70%,True
RBL,WIRRAL UNIVERSITY TEACHING HOSPITAL NHS FOUNDATION TRUST,NHS CHESHIRE AND MERSEYSIDE INTEGRATED CARE BOARD,April 2026,43999,28767,287,0.6538,Below 70%,True
RAX,KINGSTON AND RICHMOND NHS FOUNDATION TRUST,NHS SOUTH WEST LONDON INTEGRATED CARE BOARD,April 2026,41149,26930,262,0.6545,Below 70%,True
RTR,SOUTH TEES HOSPITALS NHS FOUNDATION TRUST,NHS NORTH EAST AND NORTH CUMBRIA INTEGRATED CARE BOARD,April 2026,55550,36444,697,0.6561,Below 70%,True
RRJ,THE ROYAL ORTHOPAEDIC HOSPITAL NHS FOUNDATION TRUST,NHS BIRMINGHAM AND SOLIHULL INTEGRATED CARE BOARD,April 2026,12688,8337,110,0.6571,Below 70%,True
NT202,"NUFFIELD HEALTH, BOURNEMOUTH HOSPITAL",NHS DORSET INTEGRATED CARE BOARD,April 2026,487,320,0,0.6571,Below 70%,True
RH5,SOMERSET NHS FOUNDATION TRUST,NHS SOMERSET INTEGRATED CARE BOARD,April 2026,53891,35441,1135,0.6576,Below 70%,True
RK9,UNIVERSITY HOSPITALS PLYMOUTH NHS TRUST,NHS DEVON INTEGRATED CARE BOARD,April 2026,46284,30519,614,0.6594,Below 70%,True
RJR,COUNTESS OF CHESTER HOSPITAL NHS FOUNDATION TRUST,NHS CHESHIRE AND MERSEYSIDE INTEGRATED CARE BOARD,April 2026,31892,21048,263,0.66,Below 70%,True
RXF,MID YORKSHIRE TEACHING NHS TRUST,NHS WEST YORKSHIRE INTEGRATED CARE BOARD,April 2026,55241,36515,248,0.661,Below 70%,True
NHW,STANDARD HEALTH LTD,NHS WEST AND NORTH LONDON INTEGRATED CARE BOARD,April 2026,124,82,0,0.6613,Below 70%,True
RTP,SURREY AND SUSSEX HEALTHCARE NHS TRUST,NHS SURREY AND SUSSEX INTEGRATED CARE BOARD,April 2026,47337,31369,691,0.6627,Below 70%,True
RXC,EAST SUSSEX HEALTHCARE NHS TRUST,NHS SURREY AND SUSSEX INTEGRATED CARE BOARD,April 2026,57507,38198,426,0.6642,Below 70%,True
RQM,CHELSEA AND WESTMINSTER HOSPITAL NHS FOUNDATION TRUST,NHS WEST AND NORTH LONDON INTEGRATED CARE BOARD,April 2026,76176,50612,955,0.6644,Below 70%,True
R0D,UNIVERSITY HOSPITALS DORSET NHS FOUNDATION TRUST,NHS DORSET INTEGRATED CARE BOARD,April 2026,67800,45058,619,0.6646,Below 70%,True
RVR,EPSOM AND ST HELIER UNIVERSITY HOSPITALS NHS TRUST,NHS SOUTH WEST LONDON INTEGRATED CARE BOARD,April 2026,58847,39169,475,0.6656,Below 70%,True
RBN,MERSEY AND WEST LANCASHIRE TEACHING HOSPITALS NHS TRUST,NHS CHESHIRE AND MERSEYSIDE INTEGRATED CARE BOARD,April 2026,79654,53032,1158,0.6658,Below 70%,True
RJZ,KING'S COLLEGE HOSPITAL NHS FOUNDATION TRUST,NHS SOUTH EAST LONDON INTEGRATED CARE BOARD,April 2026,86539,57644,1288,0.6661,Below 70%,True
U6A5N,ACES CHISWICK,NHS WEST AND NORTH LONDON INTEGRATED CARE BOARD,April 2026,6,4,0,0.6667,Below 70%,True
RAE,BRADFORD TEACHING HOSPITALS NHS FOUNDATION TRUST,NHS WEST YORKSHIRE INTEGRATED CARE BOARD,April 2026,31093,20746,73,0.6672,Below 70%,True
RXP,COUNTY DURHAM AND DARLINGTON NHS FOUNDATION TRUST,NHS NORTH EAST AND NORTH CUMBRIA INTEGRATED CARE BOARD,April 2026,52788,35289,701,0.6685,Below 70%,True
Y9S1N,FAIRFIELD INDEPENDENT HOSPITAL,NHS CHESHIRE AND MERSEYSIDE INTEGRATED CARE BOARD,April 2026,1694,1133,30,0.6688,Below 70%,True
RWH,EAST AND NORTH HERTFORDSHIRE TEACHING NHS TRUST,NHS CENTRAL EAST INTEGRATED CARE BOARD,April 2026,54898,36775,357,0.6699,Below 70%,True
NT416,HENDON HOSPITAL,NHS WEST AND NORTH LONDON INTEGRATED CARE BOARD,April 2026,1190,799,16,0.6714,Below 70%,True
RR8,LEEDS TEACHING HOSPITALS NHS TRUST,NHS WEST YORKSHIRE INTEGRATED CARE BOARD,April 2026,86725,58542,1304,0.675,Below 70%,True
B9M3W,SPAMEDICA SOUTHAMPTON,NHS HAMPSHIRE AND ISLE OF WIGHT INTEGRATED CARE BOARD,April 2026,386,261,74,0.6762,Below 70%,True
NT419,HARBOUR HOSPITAL,NHS DORSET INTEGRATED CARE BOARD,April 2026,189,128,0,0.6772,Below 70%,True
NT321,SPIRE LITTLE ASTON HOSPITAL,NHS STAFFORDSHIRE AND STOKE-ON-TRENT INTEGRATED CARE BOARD,April 2026,1185,804,7,0.6785,Below 70%,True
NT420,HIGHFIELD HOSPITAL,NHS GREATER MANCHESTER INTEGRATED CARE BOARD,April 2026,941,639,0,0.6791,Below 70%,True
RF4,"BARKING, HAVERING AND REDBRIDGE UNIVERSITY HOSPITALS NHS TRUST",NHS NORTH EAST LONDON INTEGRATED CARE BOARD,April 2026,72241,49129,917,0.6801,Below 70%,True
NTP15,PRACTICE PLUS GROUP HOSPITAL - ILFORD,NHS NORTH EAST LONDON INTEGRATED CARE BOARD,April 2026,4656,3175,38,0.6819,Below 70%,True
RWG,WEST HERTFORDSHIRE TEACHING HOSPITALS NHS TRUST,NHS CENTRAL EAST INTEGRATED CARE BOARD,April 2026,45988,31440,479,0.6837,Below 70%,True
RJ1,GUY'S AND ST THOMAS' NHS FOUNDATION TRUST,NHS SOUTH EAST LONDON INTEGRATED CARE BOARD,April 2026,109898,75138,689,0.6837,Below 70%,True
RRK,UNIVERSITY HOSPITALS BIRMINGHAM NHS FOUNDATION TRUST,NHS BIRMINGHAM AND SOLIHULL INTEGRATED CARE BOARD,April 2026,90948,62187,303,0.6838,Below 70%,True
NVC11,NORTH DOWNS HOSPITAL,NHS SURREY AND SUSSEX INTEGRATED CARE BOARD,April 2026,1469,1005,12,0.6841,Below 70%,True
RA7,UNIVERSITY HOSPITALS BRISTOL AND WESTON NHS FOUNDATION TRUST,"NHS BRISTOL, NORTH SOMERSET AND SOUTH GLOUCESTERSHIRE INTEGRATED CARE BOARD",April 2026,50484,34597,370,0.6853,Below 70%,True
NVC25,THE CHERWELL HOSPITAL,NHS THAMES VALLEY INTEGRATED CARE BOARD,April 2026,2034,1394,6,0.6853,Below 70%,True
NT455,MOUNT ALVERNIA HOSPITAL,NHS SURREY AND SUSSEX INTEGRATED CARE BOARD,April 2026,229,157,3,0.6856,Below 70%,True
RJC,SOUTH WARWICKSHIRE UNIVERSITY NHS FOUNDATION TRUST,NHS COVENTRY AND WARWICKSHIRE INTEGRATED CARE BOARD,April 2026,31157,21396,193,0.6867,Below 70%,True
RBS,ALDER HEY CHILDREN'S NHS FOUNDATION TRUST,NHS CHESHIRE AND MERSEYSIDE INTEGRATED CARE BOARD,April 2026,16793,11598,213,0.6906,Below 70%,True
RXW,THE SHREWSBURY AND TELFORD HOSPITAL NHS TRUST,"NHS SHROPSHIRE, TELFORD AND WREKIN INTEGRATED CARE BOARD",April 2026,35084,24231,0,0.6907,Below 70%,True
NVC19,RIVERS HOSPITAL,NHS CENTRAL EAST INTEGRATED CARE BOARD,April 2026,4499,3113,29,0.6919,Below 70%,True
RYJ,IMPERIAL COLLEGE HEALTHCARE NHS TRUST,NHS WEST AND NORTH LONDON INTEGRATED CARE BOARD,April 2026,83829,58103,54,0.6931,Below 70%,True
NT301,SPIRE SOUTH BANK HOSPITAL,NHS HEREFORDSHIRE AND WORCESTERSHIRE INTEGRATED CARE BOARD,April 2026,761,529,1,0.6951,Below 70%,True
RFR,THE ROTHERHAM NHS FOUNDATION TRUST,NHS SOUTH YORKSHIRE INTEGRATED CARE BOARD,April 2026,29423,20458,355,0.6953,Below 70%,True
R0F4N,NUFFIELD HEALTH PARKSIDE HOSPITAL,NHS SOUTH WEST LONDON INTEGRATED CARE BOARD,April 2026,821,572,93,0.6967,Below 70%,True
NT406,BLACKHEATH HOSPITAL,NHS SOUTH EAST LONDON INTEGRATED CARE BOARD,April 2026,1485,1037,13,0.6983,Below 70%,True
NVC18,SPRINGFIELD HOSPITAL,NHS ESSEX INTEGRATED CARE BOARD,April 2026,4671,3269,103,0.6999,Below 70%,True
NLG,COMMUNITAS CLINICS,NHS SOUTH WEST LONDON INTEGRATED CARE BOARD,April 2026,4440,3111,27,0.7007,70-80%,False
NVC31,BLAKELANDS HOSPITAL,NHS CENTRAL EAST INTEGRATED CARE BOARD,April 2026,2257,1584,6,0.7018,70-80%,False
RD1,ROYAL UNITED HOSPITALS BATH NHS FOUNDATION TRUST,"NHS BATH AND NORTH EAST SOMERSET, SWINDON AND WILTSHIRE INTEGRATED CARE BOARD",April 2026,39237,27572,183,0.7027,70-80%,False
NVC07,FULWOOD HALL HOSPITAL,NHS LANCASHIRE AND SOUTH CUMBRIA INTEGRATED CARE BOARD,April 2026,4419,3108,12,0.7033,70-80%,False
RJ6,CROYDON HEALTH SERVICES NHS TRUST,NHS SOUTH WEST LONDON INTEGRATED CARE BOARD,April 2026,34208,24067,419,0.7035,70-80%,False
NT219,"NUFFIELD HEALTH, HEREFORD HOSPITAL",NHS HEREFORDSHIRE AND WORCESTERSHIRE INTEGRATED CARE BOARD,April 2026,462,325,0,0.7035,70-80%,False
NVC40,WOODTHORPE HOSPITAL,NHS NOTTINGHAM AND NOTTINGHAMSHIRE INTEGRATED CARE BOARD,April 2026,3672,2584,10,0.7037,70-80%,False
RAN,ROYAL NATIONAL ORTHOPAEDIC HOSPITAL NHS TRUST,NHS WEST AND NORTH LONDON INTEGRATED CARE BOARD,April 2026,8737,6156,7,0.7046,70-80%,False
RVJ,NORTH BRISTOL NHS TRUST,"NHS BRISTOL, NORTH SOMERSET AND SOUTH GLOUCESTERSHIRE INTEGRATED CARE BOARD",April 2026,40387,28476,29,0.7051,70-80%,False
RXR,EAST LANCASHIRE HOSPITALS NHS TRUST,NHS LANCASHIRE AND SOUTH CUMBRIA INTEGRATED CARE BOARD,April 2026,47354,33446,309,0.7063,70-80%,False
RKE,WHITTINGTON HEALTH NHS TRUST,NHS WEST AND NORTH LONDON INTEGRATED CARE BOARD,April 2026,22422,15857,95,0.7072,70-80%,False
NVC09,NEW HALL HOSPITAL,"NHS BATH AND NORTH EAST SOMERSET, SWINDON AND WILTSHIRE INTEGRATED CARE BOARD",April 2026,3471,2458,29,0.7082,70-80%,False
A4M8P,BUCKSHAW HOSPITAL,NHS LANCASHIRE AND SOUTH CUMBRIA INTEGRATED CARE BOARD,April 2026,3060,2170,7,0.7092,70-80%,False
NVC1H,STOURSIDE HOSPITAL,NHS BLACK COUNTRY INTEGRATED CARE BOARD,April 2026,2961,2112,19,0.7133,70-80%,False
RTX,UNIVERSITY HOSPITALS OF MORECAMBE BAY NHS FOUNDATION TRUST,NHS LANCASHIRE AND SOUTH CUMBRIA INTEGRATED CARE BOARD,April 2026,34410,24607,561,0.7151,70-80%,False
RNZ,SALISBURY NHS FOUNDATION TRUST,"NHS BATH AND NORTH EAST SOMERSET, SWINDON AND WILTSHIRE INTEGRATED CARE BOARD",April 2026,30102,21531,45,0.7153,70-80%,False
R5J3Z,BORDER HEALTH ALLIANCE LIMITED,NHS HEREFORDSHIRE AND WORCESTERSHIRE INTEGRATED CARE BOARD,April 2026,654,469,0,0.7171,70-80%,False
NT451,CAVELL HOSPITAL,NHS WEST AND NORTH LONDON INTEGRATED CARE BOARD,April 2026,1334,958,6,0.7181,70-80%,False
NT435,SHELBURNE HOSPITAL,NHS THAMES VALLEY INTEGRATED CARE BOARD,April 2026,149,107,0,0.7181,70-80%,False
RFF,BARNSLEY HOSPITAL NHS FOUNDATION TRUST,NHS SOUTH YORKSHIRE INTEGRATED CARE BOARD,April 2026,21859,15731,109,0.7197,70-80%,False
RP4,GREAT ORMOND STREET HOSPITAL FOR CHILDREN NHS FOUNDATION TRUST,NHS WEST AND NORTH LONDON INTEGRATED CARE BOARD,April 2026,8338,6007,210,0.7204,70-80%,False
RBK,WALSALL HEALTHCARE NHS TRUST,NHS BLACK COUNTRY INTEGRATED CARE BOARD,April 2026,27974,20195,4,0.7219,70-80%,False
S0L9O,ACES BIRMINGHAM,NHS BIRMINGHAM AND SOLIHULL INTEGRATED CARE BOARD,April 2026,18,13,0,0.7222,70-80%,False
NT440,THORNBURY HOSPITAL,NHS SOUTH YORKSHIRE INTEGRATED CARE BOARD,April 2026,677,489,4,0.7223,70-80%,False
RTD,THE NEWCASTLE UPON TYNE HOSPITALS NHS FOUNDATION TRUST,NHS NORTH EAST AND NORTH CUMBRIA INTEGRATED CARE BOARD,April 2026,83207,60136,616,0.7227,70-80%,False
NT430,RIDGEWAY HOSPITAL,"NHS BATH AND NORTH EAST SOMERSET, SWINDON AND WILTSHIRE INTEGRATED CARE BOARD",April 2026,430,311,0,0.7233,70-80%,False
RCF,AIREDALE NHS FOUNDATION TRUST,NHS WEST YORKSHIRE INTEGRATED CARE BOARD,April 2026,14344,10375,38,0.7233,70-80%,False
RVW,NORTH TEES AND HARTLEPOOL NHS FOUNDATION TRUST,NHS NORTH EAST AND NORTH CUMBRIA INTEGRATED CARE BOARD,April 2026,22573,16334,212,0.7236,70-80%,False
ACG13,NEWMEDICA - GLOUCESTER (ASPEN MEDICAL CENTRE),NHS GLOUCESTERSHIRE INTEGRATED CARE BOARD,April 2026,475,344,1,0.7242,70-80%,False
NT421,KINGS OAK HOSPITAL,NHS WEST AND NORTH LONDON INTEGRATED CARE BOARD,April 2026,1242,900,2,0.7246,70-80%,False
RCU,SHEFFIELD CHILDREN'S NHS FOUNDATION TRUST,NHS SOUTH YORKSHIRE INTEGRATED CARE BOARD,April 2026,11308,8204,160,0.7255,70-80%,False
NT429,PRIORY HOSPITAL,NHS BIRMINGHAM AND SOLIHULL INTEGRATED CARE BOARD,April 2026,625,455,0,0.728,70-80%,False
NT436,SHIRLEY OAKS HOSPITAL,NHS SOUTH WEST LONDON INTEGRATED CARE BOARD,April 2026,1018,743,3,0.7299,70-80%,False
NT320,SPIRE PARKWAY HOSPITAL,NHS BIRMINGHAM AND SOLIHULL INTEGRATED CARE BOARD,April 2026,1371,1002,19,0.7309,70-80%,False
NT319,SPIRE HARTSWOOD HOSPITAL,NHS ESSEX INTEGRATED CARE BOARD,April 2026,1074,785,2,0.7309,70-80%,False
G6S7A,SPAMEDICA TAUNTON,NHS SOMERSET INTEGRATED CARE BOARD,April 2026,768,562,0,0.7318,70-80%,False
NT245,"NUFFIELD HEALTH, YORK HOSPITAL",NHS HUMBER AND NORTH YORKSHIRE INTEGRATED CARE BOARD,April 2026,1193,877,1,0.7351,70-80%,False
REF,ROYAL CORNWALL HOSPITALS NHS TRUST,NHS CORNWALL AND THE ISLES OF SCILLY INTEGRATED CARE BOARD,April 2026,42102,30968,297,0.7355,70-80%,False
NT237,"NUFFIELD HEALTH, TEES HOSPITAL",NHS NORTH EAST AND NORTH CUMBRIA INTEGRATED CARE BOARD,April 2026,1652,1216,0,0.7361,70-80%,False
C5Y9L,NEWMEDICA - BERKSHIRE - BRACKNELL,NHS THAMES VALLEY INTEGRATED CARE BOARD,April 2026,171,126,1,0.7368,70-80%,False
NT348,SPIRE ELLAND HOSPITAL,NHS WEST YORKSHIRE INTEGRATED CARE BOARD,April 2026,1286,950,2,0.7387,70-80%,False
RTE,GLOUCESTERSHIRE HOSPITALS NHS FOUNDATION TRUST,NHS GLOUCESTERSHIRE INTEGRATED CARE BOARD,April 2026,69286,51241,20,0.7396,70-80%,False
NTPH1,PRACTICE PLUS GROUP HOSPITAL - SHEPTON MALLET,NHS SOMERSET INTEGRATED CARE BOARD,April 2026,2857,2114,33,0.7399,70-80%,False
RWF,MAIDSTONE AND TUNBRIDGE WELLS NHS TRUST,NHS KENT AND MEDWAY INTEGRATED CARE BOARD,April 2026,48284,35823,11,0.7419,70-80%,False
RWY,CALDERDALE AND HUDDERSFIELD NHS FOUNDATION TRUST,NHS WEST YORKSHIRE INTEGRATED CARE BOARD,April 2026,36116,26799,10,0.742,70-80%,False
NTX,THE ONE HEALTH GROUP PLC,NHS SOUTH YORKSHIRE INTEGRATED CARE BOARD,April 2026,5314,3945,20,0.7424,70-80%,False
NT437,SLOANE HOSPITAL,NHS SOUTH EAST LONDON INTEGRATED CARE BOARD,April 2026,882,655,6,0.7426,70-80%,False
NT402,BATH CLINIC,"NHS BATH AND NORTH EAST SOMERSET, SWINDON AND WILTSHIRE INTEGRATED CARE BOARD",April 2026,669,497,0,0.7429,70-80%,False
NQT5K,ST MARTINS HOSPITAL,"NHS BATH AND NORTH EAST SOMERSET, SWINDON AND WILTSHIRE INTEGRATED CARE BOARD",April 2026,110,82,2,0.7455,70-80%,False
NVC01,ASHTEAD HOSPITAL,NHS SURREY AND SUSSEX INTEGRATED CARE BOARD,April 2026,1028,767,5,0.7461,70-80%,False
G3Z1Q,SULIS HOSPITAL BATH (FOXCOTE AVENUE),"NHS BATH AND NORTH EAST SOMERSET, SWINDON AND WILTSHIRE INTEGRATED CARE BOARD",April 2026,3782,2827,2,0.7475,70-80%,False
NT443,WINTERBOURNE HOSPITAL,NHS DORSET INTEGRATED CARE BOARD,April 2026,417,312,0,0.7482,70-80%,False
NT403,BEARDWOOD HOSPITAL,NHS LANCASHIRE AND SOUTH CUMBRIA INTEGRATED CARE BOARD,April 2026,2233,1672,0,0.7488,70-80%,False
K7J9E,ANGLIA COMMUNITY EYE SERVICE - NORWICH,NHS NORFOLK AND SUFFOLK INTEGRATED CARE BOARD,April 2026,12,9,0,0.75,70-80%,False
NVC20,THE YORKSHIRE CLINIC,NHS WEST YORKSHIRE INTEGRATED CARE BOARD,April 2026,7488,5617,21,0.7501,70-80%,False
NT325,SPIRE MURRAYFIELD HOSPITAL,NHS CHESHIRE AND MERSEYSIDE INTEGRATED CARE BOARD,April 2026,749,562,3,0.7503,70-80%,False
NVC22,WINFIELD HOSPITAL,NHS GLOUCESTERSHIRE INTEGRATED CARE BOARD,April 2026,1195,897,0,0.7506,70-80%,False
AWR,ONE STOP DOCTORS LIMITED,NHS CENTRAL EAST INTEGRATED CARE BOARD,April 2026,647,486,2,0.7512,70-80%,False
NVC14,PARK HILL HOSPITAL,NHS SOUTH YORKSHIRE INTEGRATED CARE BOARD,April 2026,722,544,0,0.7535,70-80%,False
NT212,"NUFFIELD HEALTH, CHICHESTER HOSPITAL",NHS SURREY AND SUSSEX INTEGRATED CARE BOARD,April 2026,436,329,2,0.7546,70-80%,False
NVC0R,TEES VALLEY HOSPITAL,NHS NORTH EAST AND NORTH CUMBRIA INTEGRATED CARE BOARD,April 2026,4297,3249,0,0.7561,70-80%,False
NT327,SPIRE MANCHESTER HOSPITAL,NHS GREATER MANCHESTER INTEGRATED CARE BOARD,April 2026,631,478,0,0.7575,70-80%,False
NP9,BESPOKE HEALTHCARE LTD,NHS LANCASHIRE AND SOUTH CUMBRIA INTEGRATED CARE BOARD,April 2026,614,467,0,0.7606,70-80%,False
NVC02,THE BERKSHIRE INDEPENDENT HOSPITAL,NHS THAMES VALLEY INTEGRATED CARE BOARD,April 2026,1139,867,7,0.7612,70-80%,False
R0B,SOUTH TYNESIDE AND SUNDERLAND NHS FOUNDATION TRUST,NHS NORTH EAST AND NORTH CUMBRIA INTEGRATED CARE BOARD,April 2026,58754,44724,2,0.7612,70-80%,False
NT312,SPIRE ALEXANDRA HOSPITAL,NHS KENT AND MEDWAY INTEGRATED CARE BOARD,April 2026,995,758,3,0.7618,70-80%,False
RQX,HOMERTON HEALTHCARE NHS FOUNDATION TRUST,NHS NORTH EAST LONDON INTEGRATED CARE BOARD,April 2026,26849,20475,174,0.7626,70-80%,False
RCD,HARROGATE AND DISTRICT NHS FOUNDATION TRUST,NHS HUMBER AND NORTH YORKSHIRE INTEGRATED CARE BOARD,April 2026,21491,16399,4,0.7631,70-80%,False
O9Q4E,ANGLIA COMMUNITY EYE SERVICE - PETERBOROUGH,NHS CENTRAL EAST INTEGRATED CARE BOARD,April 2026,359,274,1,0.7632,70-80%,False
RR7,GATESHEAD HEALTH NHS FOUNDATION TRUST,NHS NORTH EAST AND NORTH CUMBRIA INTEGRATED CARE BOARD,April 2026,11812,9025,9,0.7641,70-80%,False
RMP,TAMESIDE AND GLOSSOP INTEGRATED CARE NHS FOUNDATION TRUST,NHS GREATER MANCHESTER INTEGRATED CARE BOARD,April 2026,16288,12468,0,0.7655,70-80%,False
NT318,SPIRE NORWICH HOSPITAL,NHS NORFOLK AND SUFFOLK INTEGRATED CARE BOARD,April 2026,974,746,2,0.7659,70-80%,False
NTP13,PRACTICE PLUS GROUP HOSPITAL - BARLBOROUGH,NHS DERBY AND DERBYSHIRE INTEGRATED CARE BOARD,April 2026,1867,1430,2,0.7659,70-80%,False
NNE,DORKING HEALTHCARE LIMITED (DHC),NHS SURREY AND SUSSEX INTEGRATED CARE BOARD,April 2026,6438,4946,1,0.7683,70-80%,False
NT337,SPIRE LIVERPOOL HOSPITAL,NHS CHESHIRE AND MERSEYSIDE INTEGRATED CARE BOARD,April 2026,2223,1708,9,0.7683,70-80%,False
F9Z4V,CIRCLE READING HOSPITAL,NHS THAMES VALLEY INTEGRATED CARE BOARD,April 2026,1599,1229,5,0.7686,70-80%,False
F7B2B,ANGLIA COMMUNITY EYE SERVICE - BURY ST EDMUNDS,NHS NORFOLK AND SUFFOLK INTEGRATED CARE BOARD,April 2026,13,10,0,0.7692,70-80%,False
A4Y8X,ACES NOTTINGHAM,NHS NOTTINGHAM AND NOTTINGHAMSHIRE INTEGRATED CARE BOARD,April 2026,26,20,0,0.7692,70-80%,False
ACG12,NEWMEDICA COMMUNITY OPHTHALMOLOGY - NORTH EAST LINCOLNSHIRE - GRIMSBY,NHS HUMBER AND NORTH YORKSHIRE INTEGRATED CARE BOARD,April 2026,1019,784,0,0.7694,70-80%,False
NT224,"NUFFIELD HEALTH, WARWICKSHIRE HOSPITAL",NHS COVENTRY AND WARWICKSHIRE INTEGRATED CARE BOARD,April 2026,403,311,7,0.7717,70-80%,False
NT239,"NUFFIELD HEALTH, TUNBRIDGE WELLS HOSPITAL",NHS KENT AND MEDWAY INTEGRATED CARE BOARD,April 2026,79,61,1,0.7722,70-80%,False
ACG38,NEWMEDICA - LANGFORD,"NHS BRISTOL, NORTH SOMERSET AND SOUTH GLOUCESTERSHIRE INTEGRATED CARE BOARD",April 2026,471,364,1,0.7728,70-80%,False
NT333,SPIRE WASHINGTON HOSPITAL,NHS NORTH EAST AND NORTH CUMBRIA INTEGRATED CARE BOARD,April 2026,1795,1389,21,0.7738,70-80%,False
N1M9Z,ACES EXETER,NHS DEVON INTEGRATED CARE BOARD,April 2026,49,38,0,0.7755,70-80%,False
NT431,RUNNYMEDE HOSPITAL,NHS SURREY AND SUSSEX INTEGRATED CARE BOARD,April 2026,224,174,2,0.7768,70-80%,False
NT308,SPIRE GATWICK PARK HOSPITAL,NHS SURREY AND SUSSEX INTEGRATED CARE BOARD,April 2026,1282,996,18,0.7769,70-80%,False
K8I4X,GLENDON WOOD HOSPITAL,NHS NORTHAMPTONSHIRE INTEGRATED CARE BOARD,April 2026,1327,1033,0,0.7784,70-80%,False
NTPH2,PRACTICE PLUS GROUP HOSPITAL - EMERSONS GREEN,"NHS BRISTOL, NORTH SOMERSET AND SOUTH GLOUCESTERSHIRE INTEGRATED CARE BOARD",April 2026,5770,4492,0,0.7785,70-80%,False
RYW,BIRMINGHAM COMMUNITY HEALTHCARE NHS FOUNDATION TRUST,NHS BIRMINGHAM AND SOLIHULL INTEGRATED CARE BOARD,April 2026,14412,11220,1,0.7785,70-80%,False
A9P5F,ACES WHITE CITY,NHS WEST AND NORTH LONDON INTEGRATED CARE BOARD,April 2026,110,86,0,0.7818,70-80%,False
RGM,ROYAL PAPWORTH HOSPITAL NHS FOUNDATION TRUST,NHS CENTRAL EAST INTEGRATED CARE BOARD,April 2026,5271,4122,25,0.782,70-80%,False
H4I8B,NUFFIELD HEALTH THE HOLLY HOSPITAL,NHS ESSEX INTEGRATED CARE BOARD,April 2026,4237,3314,24,0.7822,70-80%,False
ACG20,NEWMEDICA - BRISTOL - LITFIELD HOUSE,"NHS BRISTOL, NORTH SOMERSET AND SOUTH GLOUCESTERSHIRE INTEGRATED CARE BOARD",April 2026,428,336,2,0.785,70-80%,False
NT457,WOODLANDS HOSPITAL,NHS NORTH EAST AND NORTH CUMBRIA INTEGRATED CARE BOARD,April 2026,2757,2172,7,0.7878,70-80%,False
NT242,"NUFFIELD HEALTH, WOLVERHAMPTON HOSPITAL",NHS BLACK COUNTRY INTEGRATED CARE BOARD,April 2026,533,420,0,0.788,70-80%,False
NT408,CHAUCER HOSPITAL,NHS KENT AND MEDWAY INTEGRATED CARE BOARD,April 2026,846,667,1,0.7884,70-80%,False
Z2L9B,NEWMEDICA - MANCHESTER WEST,NHS GREATER MANCHESTER INTEGRATED CARE BOARD,April 2026,317,250,0,0.7886,70-80%,False
RBQ,LIVERPOOL HEART AND CHEST HOSPITAL NHS FOUNDATION TRUST,NHS CHESHIRE AND MERSEYSIDE INTEGRATED CARE BOARD,April 2026,6015,4745,21,0.7889,70-80%,False
NT324,SPIRE CHESHIRE HOSPITAL,NHS CHESHIRE AND MERSEYSIDE INTEGRATED CARE BOARD,April 2026,1071,848,0,0.7918,70-80%,False
I7G8X,ACES NEWCASTLE,NHS NORTH EAST AND NORTH CUMBRIA INTEGRATED CARE BOARD,April 2026,29,23,0,0.7931,70-80%,False
M2Y6D,PRACTICE PLUS GROUP HOSPITAL BIRMINGHAM,NHS BIRMINGHAM AND SOLIHULL INTEGRATED CARE BOARD,April 2026,1494,1185,4,0.7932,70-80%,False
NTPH3,PRACTICE PLUS GROUP SURGICAL CENTRE - DEVIZES,"NHS BATH AND NORTH EAST SOMERSET, SWINDON AND WILTSHIRE INTEGRATED CARE BOARD",April 2026,3157,2511,1,0.7954,70-80%,False
NT344,SPIRE DUNEDIN HOSPITAL,NHS THAMES VALLEY INTEGRATED CARE BOARD,April 2026,284,226,1,0.7958,70-80%,False
D0V5X,NEWMEDICA - SWINDON MURDOCK ROAD,"NHS BATH AND NORTH EAST SOMERSET, SWINDON AND WILTSHIRE INTEGRATED CARE BOARD",April 2026,168,134,0,0.7976,70-80%,False
NT332,SPIRE LEEDS HOSPITAL,NHS WEST YORKSHIRE INTEGRATED CARE BOARD,April 2026,764,611,0,0.7997,70-80%,False
T1I9W,ACES LINCOLN,NHS LINCOLNSHIRE INTEGRATED CARE BOARD,April 2026,10,8,1,0.8,70-80%,False
NYG,SUSSEX COMMUNITY DERMATOLOGY SERVICE,NHS SURREY AND SUSSEX INTEGRATED CARE BOARD,April 2026,13907,11135,27,0.8007,Above 80%,False
NNH02,OPTEGRA YORKSHIRE EYE HOSPITAL,NHS WEST YORKSHIRE INTEGRATED CARE BOARD,April 2026,842,675,0,0.8017,Above 80%,False
NTE02,ST HUGH'S HOSPITAL,NHS HUMBER AND NORTH YORKSHIRE INTEGRATED CARE BOARD,April 2026,2063,1657,11,0.8032,Above 80%,False
NVM,EPSOMEDICAL GROUP,NHS SURREY AND SUSSEX INTEGRATED CARE BOARD,April 2026,3210,2580,39,0.8037,Above 80%,False
ACG22,NEWMEDICA - BRIGG - RIVERSIDE SURGERY,NHS HUMBER AND NORTH YORKSHIRE INTEGRATED CARE BOARD,April 2026,735,591,0,0.8041,Above 80%,False
NT422,LONDON INDEPENDENT HOSPITAL,NHS NORTH EAST LONDON INTEGRATED CARE BOARD,April 2026,3991,3213,7,0.8051,Above 80%,False
NV1,INHEALTH LIMITED,NHS THAMES VALLEY INTEGRATED CARE BOARD,April 2026,1063,856,0,0.8053,Above 80%,False
R1D,SHROPSHIRE COMMUNITY HEALTH NHS TRUST,"NHS SHROPSHIRE, TELFORD AND WREKIN INTEGRATED CARE BOARD",April 2026,7963,6415,0,0.8056,Above 80%,False
NWF01,BENENDEN HOSPITAL,NHS KENT AND MEDWAY INTEGRATED CARE BOARD,April 2026,1415,1140,3,0.8057,Above 80%,False
NT226,"NUFFIELD HEALTH, LEICESTER HOSPITAL","NHS LEICESTER, LEICESTERSHIRE AND RUTLAND INTEGRATED CARE BOARD",April 2026,469,379,15,0.8081,Above 80%,False
NLX,SIRONA CARE & HEALTH,"NHS BRISTOL, NORTH SOMERSET AND SOUTH GLOUCESTERSHIRE INTEGRATED CARE BOARD",April 2026,5230,4234,0,0.8096,Above 80%,False
DFQ,NORWICH & NORFOLK SURGICAL LTD (N2S),NHS NORFOLK AND SUFFOLK INTEGRATED CARE BOARD,April 2026,1125,911,0,0.8098,Above 80%,False
AQK,VERNOVA HEALTHCARE COMMUNITY INTEREST COMPANY,NHS CHESHIRE AND MERSEYSIDE INTEGRATED CARE BOARD,April 2026,281,228,4,0.8114,Above 80%,False
NQM01,ORTHOPAEDICS & SPINE SPECIALIST HOSPITAL SITE,NHS CENTRAL EAST INTEGRATED CARE BOARD,April 2026,152,124,0,0.8158,Above 80%,False
AVQ01,ONE ASHFORD HOSPITAL,NHS KENT AND MEDWAY INTEGRATED CARE BOARD,April 2026,980,802,1,0.8184,Above 80%,False
NFH,SOMERSET SURGICAL SERVICES HQ,"NHS BRISTOL, NORTH SOMERSET AND SOUTH GLOUCESTERSHIRE INTEGRATED CARE BOARD",April 2026,1576,1292,2,0.8198,Above 80%,False
RTF,NORTHUMBRIA HEALTHCARE NHS FOUNDATION TRUST,NHS NORTH EAST AND NORTH CUMBRIA INTEGRATED CARE BOARD,April 2026,37406,30679,0,0.8202,Above 80%,False
L0D9W,NEWMEDICA - GLOUCESTER (BRIGHOUSE COURT),NHS GLOUCESTERSHIRE INTEGRATED CARE BOARD,April 2026,1330,1091,0,0.8203,Above 80%,False
H7X1I,ANGLIA COMMUNITY EYE SERVICE - CAMBRIDGE,NHS CENTRAL EAST INTEGRATED CARE BOARD,April 2026,224,184,2,0.8214,Above 80%,False
NT424,MERIDEN HOSPITAL,NHS COVENTRY AND WARWICKSHIRE INTEGRATED CARE BOARD,April 2026,1877,1546,0,0.8237,Above 80%,False
NT30A,SPIRE NOTTINGHAM HOSPITAL,NHS NOTTINGHAM AND NOTTINGHAMSHIRE INTEGRATED CARE BOARD,April 2026,625,515,0,0.824,Above 80%,False
NT447,DUCHY HOSPITAL,NHS HUMBER AND NORTH YORKSHIRE INTEGRATED CARE BOARD,April 2026,323,267,0,0.8266,Above 80%,False
NT409,CHELSFIELD PARK HOSPITAL,NHS SOUTH EAST LONDON INTEGRATED CARE BOARD,April 2026,754,624,0,0.8276,Above 80%,False
NT350,SPIRE METHLEY PARK HOSPITAL,NHS WEST YORKSHIRE INTEGRATED CARE BOARD,April 2026,827,685,1,0.8283,Above 80%,False
NT410,CHILTERN HOSPITAL,NHS THAMES VALLEY INTEGRATED CARE BOARD,April 2026,381,316,0,0.8294,Above 80%,False
NT235,"NUFFIELD HEALTH, SHREWSBURY HOSPITAL","NHS SHROPSHIRE, TELFORD AND WREKIN INTEGRATED CARE BOARD",April 2026,530,440,0,0.8302,Above 80%,False
NN4,TYNESIDE SURGICAL SERVICES LTD,NHS NORTH EAST AND NORTH CUMBRIA INTEGRATED CARE BOARD,April 2026,1391,1155,2,0.8303,Above 80%,False
J7V1N,SPAMEDICA SOLIHULL,NHS BIRMINGHAM AND SOLIHULL INTEGRATED CARE BOARD,April 2026,467,388,1,0.8308,Above 80%,False
D2L5T,ACES LIVERPOOL,NHS CHESHIRE AND MERSEYSIDE INTEGRATED CARE BOARD,April 2026,60,50,0,0.8333,Above 80%,False
H3W7Q,ACES CHELMSFORD,NHS ESSEX INTEGRATED CARE BOARD,April 2026,60,50,0,0.8333,Above 80%,False
NT347,SPIRE FYLDE COAST HOSPITAL,NHS LANCASHIRE AND SOUTH CUMBRIA INTEGRATED CARE BOARD,April 2026,3362,2804,0,0.834,Above 80%,False
RHW,ROYAL BERKSHIRE NHS FOUNDATION TRUST,NHS THAMES VALLEY INTEGRATED CARE BOARD,April 2026,35323,29460,38,0.834,Above 80%,False
M4C5R,NEWMEDICA - NORTHAMPTON,NHS NORTHAMPTONSHIRE INTEGRATED CARE BOARD,April 2026,1500,1252,1,0.8347,Above 80%,False
ADP02,KIMS HOSPITAL (NEWNHAM COURT),NHS KENT AND MEDWAY INTEGRATED CARE BOARD,April 2026,1331,1114,2,0.837,Above 80%,False
NVC0Y,EXETER MEDICAL,NHS DEVON INTEGRATED CARE BOARD,April 2026,272,228,2,0.8382,Above 80%,False
NL8,LOCALA COMMUNITY PARTNERSHIPS CIC,NHS WEST YORKSHIRE INTEGRATED CARE BOARD,April 2026,1286,1079,0,0.839,Above 80%,False
NT316,SPIRE HARPENDEN HOSPITAL,NHS CENTRAL EAST INTEGRATED CARE BOARD,April 2026,714,600,0,0.8403,Above 80%,False
M3R0W,SPAMEDICA NORWICH,NHS NORFOLK AND SUFFOLK INTEGRATED CARE BOARD,April 2026,351,295,0,0.8405,Above 80%,False
NTPH5,PRACTICE PLUS GROUP HOSPITAL - PLYMOUTH,NHS DEVON INTEGRATED CARE BOARD,April 2026,1592,1343,4,0.8436,Above 80%,False
RP6,MOORFIELDS EYE HOSPITAL NHS FOUNDATION TRUST,NHS WEST AND NORTH LONDON INTEGRATED CARE BOARD,April 2026,36272,30615,7,0.844,Above 80%,False
ACG40,NEWMEDICA - WAKEFIELD,NHS WEST YORKSHIRE INTEGRATED CARE BOARD,April 2026,557,471,0,0.8456,Above 80%,False
NLE01,LANCASTER HOUSE CONSULTING DIAGNOSTICS SURGICAL LTD HQ,NHS GREATER MANCHESTER INTEGRATED CARE BOARD,April 2026,1311,1109,0,0.8459,Above 80%,False
NT449,LANCASTER PRIVATE HOSPITAL,NHS LANCASHIRE AND SOUTH CUMBRIA INTEGRATED CARE BOARD,April 2026,299,253,1,0.8462,Above 80%,False
N1L8R,ACES MANCHESTER ST JOHNS STREET,NHS GREATER MANCHESTER INTEGRATED CARE BOARD,April 2026,13,11,0,0.8462,Above 80%,False
U1P4Z,ACES MILTON KEYNES,NHS CENTRAL EAST INTEGRATED CARE BOARD,April 2026,137,116,0,0.8467,Above 80%,False
NT241,"NUFFIELD HEALTH, WOKING HOSPITAL",NHS SURREY AND SUSSEX INTEGRATED CARE BOARD,April 2026,261,221,10,0.8467,Above 80%,False
H2K1G,NEWMEDICA - BROMSGROVE,NHS HEREFORDSHIRE AND WORCESTERSHIRE INTEGRATED CARE BOARD,April 2026,434,371,0,0.8548,Above 80%,False
Z4F8Y,ACES DARTFORD,NHS KENT AND MEDWAY INTEGRATED CARE BOARD,April 2026,369,316,0,0.8564,Above 80%,False
NT405,BISHOPS WOOD HOSPITAL,NHS WEST AND NORTH LONDON INTEGRATED CARE BOARD,April 2026,543,465,0,0.8564,Above 80%,False
NL3,CARE PLUS GROUP,NHS HUMBER AND NORTH YORKSHIRE INTEGRATED CARE BOARD,April 2026,182,156,1,0.8571,Above 80%,False
NPG11,SPAMEDICA BIRMINGHAM,NHS BIRMINGHAM AND SOLIHULL INTEGRATED CARE BOARD,April 2026,793,681,0,0.8588,Above 80%,False
AY1,MEDEFER,NHS WEST AND NORTH LONDON INTEGRATED CARE BOARD,April 2026,256,221,0,0.8633,Above 80%,False
NT244,NUFFIELD HOSPITAL OXFORD (THE MANOR),NHS THAMES VALLEY INTEGRATED CARE BOARD,April 2026,82,71,0,0.8659,Above 80%,False
J3X4C,SPAMEDICA WORCESTER,NHS HEREFORDSHIRE AND WORCESTERSHIRE INTEGRATED CARE BOARD,April 2026,433,375,0,0.8661,Above 80%,False
K9J3O,SPAMEDICA LUTON,NHS CENTRAL EAST INTEGRATED CARE BOARD,April 2026,203,176,0,0.867,Above 80%,False
T1T4S,ACES BRISTOL,"NHS BRISTOL, NORTH SOMERSET AND SOUTH GLOUCESTERSHIRE INTEGRATED CARE BOARD",April 2026,68,59,0,0.8676,Above 80%,False
C3Y0A,SPAMEDICA BLACKPOOL,NHS LANCASHIRE AND SOUTH CUMBRIA INTEGRATED CARE BOARD,April 2026,190,165,0,0.8684,Above 80%,False
B6Z0N,OPTEGRA EYE HOSPITAL UTTOXETER,NHS STAFFORDSHIRE AND STOKE-ON-TRENT INTEGRATED CARE BOARD,April 2026,315,275,0,0.873,Above 80%,False
NPG01,SPAMEDICA MANCHESTER,NHS GREATER MANCHESTER INTEGRATED CARE BOARD,April 2026,364,318,0,0.8736,Above 80%,False
NX501,ANGLIA COMMUNITY EYE SERVICE LTD,NHS CENTRAL EAST INTEGRATED CARE BOARD,April 2026,566,495,1,0.8746,Above 80%,False
DPK,THE STONEYGATE EYE HOSPITAL,"NHS LEICESTER, LEICESTERSHIRE AND RUTLAND INTEGRATED CARE BOARD",April 2026,752,658,0,0.875,Above 80%,False
DJH01,THE ROYAL BUCKINGHAMSHIRE HOSPITAL LTD,NHS THAMES VALLEY INTEGRATED CARE BOARD,April 2026,32,28,0,0.875,Above 80%,False
U0K8N,CES MEDICAL,NHS KENT AND MEDWAY INTEGRATED CARE BOARD,April 2026,56,49,0,0.875,Above 80%,False
N6Z0R,NEWMEDICA - LINCOLN,NHS LINCOLNSHIRE INTEGRATED CARE BOARD,April 2026,32,28,0,0.875,Above 80%,False
M5E1S,SPAMEDICA EXETER,NHS DEVON INTEGRATED CARE BOARD,April 2026,347,304,0,0.8761,Above 80%,False
NCR,ISIGHT,NHS CHESHIRE AND MERSEYSIDE INTEGRATED CARE BOARD,April 2026,1348,1183,0,0.8776,Above 80%,False
A1U4J,SPAMEDICA PORTSMOUTH,NHS HAMPSHIRE AND ISLE OF WIGHT INTEGRATED CARE BOARD,April 2026,206,181,0,0.8786,Above 80%,False
ACG31,NEWMEDICA - WORCESTER,NHS HEREFORDSHIRE AND WORCESTERSHIRE INTEGRATED CARE BOARD,April 2026,868,763,0,0.879,Above 80%,False
F7F6D,NEWMEDICA - HERTFORSHIRE - WELWYN GARDEN CITY,NHS CENTRAL EAST INTEGRATED CARE BOARD,April 2026,946,832,0,0.8795,Above 80%,False
T8R5I,SPAMEDICA WOKINGHAM,NHS THAMES VALLEY INTEGRATED CARE BOARD,April 2026,225,198,1,0.88,Above 80%,False
Z1E5F,NEWMEDICA - HARROGATE,NHS HUMBER AND NORTH YORKSHIRE INTEGRATED CARE BOARD,April 2026,236,208,0,0.8814,Above 80%,False
Q4W9A,ACES SOUTHAMPTON,NHS HAMPSHIRE AND ISLE OF WIGHT INTEGRATED CARE BOARD,April 2026,43,38,0,0.8837,Above 80%,False
I7Q4A,OPTEGRA EYE HOSPITAL WEST LONDON,NHS WEST AND NORTH LONDON INTEGRATED CARE BOARD,April 2026,638,564,0,0.884,Above 80%,False
NT490,SOUTHEND PRIVATE HOSPITAL,NHS ESSEX INTEGRATED CARE BOARD,April 2026,1252,1110,0,0.8866,Above 80%,False
G3Q3Z,NUFFIELD HEALTH HIGHGATE HOSPITAL,NHS WEST AND NORTH LONDON INTEGRATED CARE BOARD,April 2026,998,885,6,0.8868,Above 80%,False
B5M7B,NEWMEDICA - NORWICH,NHS NORFOLK AND SUFFOLK INTEGRATED CARE BOARD,April 2026,1675,1487,0,0.8878,Above 80%,False
NTP16,PRACTICE PLUS GROUP SURGICAL CENTRE - GILLINGHAM,NHS KENT AND MEDWAY INTEGRATED CARE BOARD,April 2026,1032,919,6,0.8905,Above 80%,False
NT428,PRINCESS MARGARET HOSPITAL,NHS THAMES VALLEY INTEGRATED CARE BOARD,April 2026,64,57,0,0.8906,Above 80%,False
RW1,HAMPSHIRE AND ISLE OF WIGHT HEALTHCARE NHS FOUNDATION TRUST,NHS HAMPSHIRE AND ISLE OF WIGHT INTEGRATED CARE BOARD,April 2026,4400,3921,0,0.8911,Above 80%,False
V5F1D,SPAMEDICA TELFORD,"NHS SHROPSHIRE, TELFORD AND WREKIN INTEGRATED CARE BOARD",April 2026,465,415,1,0.8925,Above 80%,False
A1D1B,SPAMEDICA WEMBLEY,NHS WEST AND NORTH LONDON INTEGRATED CARE BOARD,April 2026,420,375,0,0.8929,Above 80%,False
ACG19,NEWMEDICA COMMUNITY OPHTHALMOLOGY - LEEDS,NHS WEST YORKSHIRE INTEGRATED CARE BOARD,April 2026,585,523,0,0.894,Above 80%,False
NTPAE,PRACTICE PLUS GROUP OPHTHALMOLOGY - NORTH WEST,NHS GREATER MANCHESTER INTEGRATED CARE BOARD,April 2026,1748,1566,0,0.8959,Above 80%,False
NN5,MANCHESTER SURGICAL SERVICES LTD,NHS GREATER MANCHESTER INTEGRATED CARE BOARD,April 2026,367,329,0,0.8965,Above 80%,False
AAH,TETBURY HOSPITAL TRUST LTD,NHS GLOUCESTERSHIRE INTEGRATED CARE BOARD,April 2026,354,318,2,0.8983,Above 80%,False
V8N5R,SPAMEDICA DALSTON,NHS NORTH EAST LONDON INTEGRATED CARE BOARD,April 2026,522,469,0,0.8985,Above 80%,False
I9A4A,SPAMEDICA BRIGHTON,NHS SURREY AND SUSSEX INTEGRATED CARE BOARD,April 2026,276,248,0,0.8986,Above 80%,False
O6X7Z,SPAMEDICA CAMBRIDGE,NHS CENTRAL EAST INTEGRATED CARE BOARD,April 2026,484,435,0,0.8988,Above 80%,False
AAV,COMMUNITY HEALTH AND EYECARE LIMITED,NHS LANCASHIRE AND SOUTH CUMBRIA INTEGRATED CARE BOARD,April 2026,5261,4734,0,0.8998,Above 80%,False
RP7,LINCOLNSHIRE PARTNERSHIP NHS FOUNDATION TRUST,NHS LINCOLNSHIRE INTEGRATED CARE BOARD,April 2026,10,9,0,0.9,Above 80%,False
Y8L9S,SPAMEDICA BROMLEY,NHS SOUTH EAST LONDON INTEGRATED CARE BOARD,April 2026,621,559,0,0.9002,Above 80%,False
M2O7D,OPTEGRA EYE HOSPITAL COLCHESTER,NHS ESSEX INTEGRATED CARE BOARD,April 2026,272,245,0,0.9007,Above 80%,False
R1A,HEREFORDSHIRE AND WORCESTERSHIRE HEALTH AND CARE NHS TRUST,NHS HEREFORDSHIRE AND WORCESTERSHIRE INTEGRATED CARE BOARD,April 2026,31,28,0,0.9032,Above 80%,False
DTT,PHOENIX PUBLIC HEALTH LTD,NHS CHESHIRE AND MERSEYSIDE INTEGRATED CARE BOARD,April 2026,158,143,0,0.9051,Above 80%,False
ACG26,NEWMEDICA - NORTH DERBYSHIRE - MIDLAND COURT,NHS DERBY AND DERBYSHIRE INTEGRATED CARE BOARD,April 2026,1368,1239,0,0.9057,Above 80%,False
NPG13,SPAMEDICA SKELMERSDALE,NHS LANCASHIRE AND SOUTH CUMBRIA INTEGRATED CARE BOARD,April 2026,118,107,0,0.9068,Above 80%,False
NX507,ANGLIA COMMUNITY EYE SERVICE - THETFORD HEALTHY LIVING CENTRE,NHS NORFOLK AND SUFFOLK INTEGRATED CARE BOARD,April 2026,185,168,0,0.9081,Above 80%,False
M0N7E,SPAMEDICA SITTINGBOURNE,NHS KENT AND MEDWAY INTEGRATED CARE BOARD,April 2026,192,175,0,0.9115,Above 80%,False
NPG06,SPAMEDICA LIVERPOOL,NHS CHESHIRE AND MERSEYSIDE INTEGRATED CARE BOARD,April 2026,418,381,0,0.9115,Above 80%,False
A4Q9X,NEWMEDICA LEICESTER,"NHS LEICESTER, LEICESTERSHIRE AND RUTLAND INTEGRATED CARE BOARD",April 2026,880,803,0,0.9125,Above 80%,False
NT448,HUDDERSFIELD PRIVATE HOSPITAL,NHS WEST YORKSHIRE INTEGRATED CARE BOARD,April 2026,1077,984,4,0.9136,Above 80%,False
NMG,CORA HEALTH MSK (FORMERLY CONNECT HEALTH LTD),NHS NORTH EAST AND NORTH CUMBRIA INTEGRATED CARE BOARD,April 2026,19190,17536,4,0.9138,Above 80%,False
B4N1U,SPAMEDICA ROMFORD,NHS NORTH EAST LONDON INTEGRATED CARE BOARD,April 2026,984,901,0,0.9157,Above 80%,False
O1P6X,SPAMEDICA OLDHAM,NHS GREATER MANCHESTER INTEGRATED CARE BOARD,April 2026,746,684,0,0.9169,Above 80%,False
Z5J5V,SPAMEDICA HAYDOCK,NHS CHESHIRE AND MERSEYSIDE INTEGRATED CARE BOARD,April 2026,324,298,1,0.9198,Above 80%,False
A8L1O,OPTEGRA EYE HOSPITAL LEICESTER,"NHS LEICESTER, LEICESTERSHIRE AND RUTLAND INTEGRATED CARE BOARD",April 2026,190,175,0,0.9211,Above 80%,False
N1N0Y,SPAMEDICA CROYDON,NHS SOUTH WEST LONDON INTEGRATED CARE BOARD,April 2026,153,141,0,0.9216,Above 80%,False
NNH07,OPTEGRA LONDON EYE HOSPITAL,NHS WEST AND NORTH LONDON INTEGRATED CARE BOARD,April 2026,876,809,0,0.9235,Above 80%,False
NPG21,SPAMEDICA COVENTRY,NHS COVENTRY AND WARWICKSHIRE INTEGRATED CARE BOARD,April 2026,662,612,0,0.9245,Above 80%,False
ACG36,NEWMEDICA - EXETER - GLEN HOUSE,NHS DEVON INTEGRATED CARE BOARD,April 2026,482,446,0,0.9253,Above 80%,False
NPG20,SPAMEDICA WOLVERHAMPTON,NHS BLACK COUNTRY INTEGRATED CARE BOARD,April 2026,831,769,0,0.9254,Above 80%,False
NT3X3,SPIRE ST ANTHONY'S HOSPITAL,NHS SOUTH WEST LONDON INTEGRATED CARE BOARD,April 2026,1026,950,3,0.9259,Above 80%,False
RRE,MIDLANDS PARTNERSHIP UNIVERSITY NHS FOUNDATION TRUST,NHS STAFFORDSHIRE AND STOKE-ON-TRENT INTEGRATED CARE BOARD,April 2026,9277,8599,0,0.9269,Above 80%,False
V4U1Y,SPAMEDICA CHESTER,NHS CHESHIRE AND MERSEYSIDE INTEGRATED CARE BOARD,April 2026,247,229,0,0.9271,Above 80%,False
NPG14,SPAMEDICA WIDNES,NHS CHESHIRE AND MERSEYSIDE INTEGRATED CARE BOARD,April 2026,290,269,0,0.9276,Above 80%,False
P1B7M,SPAMEDICA BRISTOL,"NHS BRISTOL, NORTH SOMERSET AND SOUTH GLOUCESTERSHIRE INTEGRATED CARE BOARD",April 2026,208,193,0,0.9279,Above 80%,False
NPG16,SPAMEDICA CHELMSFORD,NHS ESSEX INTEGRATED CARE BOARD,April 2026,931,864,0,0.928,Above 80%,False
P0C3F,SPAMEDICA LEEDS,NHS WEST YORKSHIRE INTEGRATED CARE BOARD,April 2026,334,310,0,0.9281,Above 80%,False
J0M7P,SPAMEDICA HEREFORD DIAGNOSTIC AND TREATMENT CENTRE,NHS HEREFORDSHIRE AND WORCESTERSHIRE INTEGRATED CARE BOARD,April 2026,42,39,0,0.9286,Above 80%,False
G4H0I,NEWMEDICA SUFFOLK - BURY ST EDMUNDS - CLARITY HOUSE,NHS NORFOLK AND SUFFOLK INTEGRATED CARE BOARD,April 2026,673,625,0,0.9287,Above 80%,False
NPG22,SPAMEDICA STOCKTON-ON-TEES,NHS NORTH EAST AND NORTH CUMBRIA INTEGRATED CARE BOARD,April 2026,499,464,0,0.9299,Above 80%,False
O5Y9D,SPAMEDICA OXFORD,NHS THAMES VALLEY INTEGRATED CARE BOARD,April 2026,200,186,0,0.93,Above 80%,False
DX1,THE NEW FOSCOTE HOSPITAL LTD,NHS WEST AND NORTH LONDON INTEGRATED CARE BOARD,April 2026,375,349,1,0.9307,Above 80%,False
D5P5H,SPAMEDICA BEXHILL,NHS SURREY AND SUSSEX INTEGRATED CARE BOARD,April 2026,231,215,0,0.9307,Above 80%,False
NX504,ANGLIA COMMUNITY EYE SERVICES FAKENHAM,NHS NORFOLK AND SUFFOLK INTEGRATED CARE BOARD,April 2026,233,217,0,0.9313,Above 80%,False
D3O0Z,PLYMOUTH NEWMEDICA LTD,NHS DEVON INTEGRATED CARE BOARD,April 2026,650,606,1,0.9323,Above 80%,False
B9J4U,SPAMEDICA PETERBOROUGH,NHS CENTRAL EAST INTEGRATED CARE BOARD,April 2026,518,483,0,0.9324,Above 80%,False
NPG10,SPAMEDICA SHEFFIELD,NHS SOUTH YORKSHIRE INTEGRATED CARE BOARD,April 2026,448,418,0,0.933,Above 80%,False
Y7W8F,ACES SOUTHAMPTON - EAST ST,NHS HAMPSHIRE AND ISLE OF WIGHT INTEGRATED CARE BOARD,April 2026,15,14,0,0.9333,Above 80%,False
G3O5P,SPAMEDICA NEWARK,NHS NOTTINGHAM AND NOTTINGHAMSHIRE INTEGRATED CARE BOARD,April 2026,573,535,6,0.9337,Above 80%,False
J2H6H,SPAMEDICA COLCHESTER,NHS ESSEX INTEGRATED CARE BOARD,April 2026,184,172,0,0.9348,Above 80%,False
L6O7H,SPAMEDICA POOLE,NHS DORSET INTEGRATED CARE BOARD,April 2026,1000,935,0,0.935,Above 80%,False
A0C5S,SPAMEDICA GLOUCESTER,NHS GLOUCESTERSHIRE INTEGRATED CARE BOARD,April 2026,108,101,0,0.9352,Above 80%,False
ACG30,NEWMEDICA - WORKSOP - DUKERIES,NHS NOTTINGHAM AND NOTTINGHAMSHIRE INTEGRATED CARE BOARD,April 2026,173,162,0,0.9364,Above 80%,False
NCN,DMC HEALTHCARE,NHS SOUTH EAST LONDON INTEGRATED CARE BOARD,April 2026,2326,2181,41,0.9377,Above 80%,False
T4I8V,SPAMEDICA CHESTERFIELD,NHS DERBY AND DERBYSHIRE INTEGRATED CARE BOARD,April 2026,226,212,0,0.9381,Above 80%,False
C9A7J,NEWMEDICA - BRADFORD & HUDDERSFIELD,NHS WEST YORKSHIRE INTEGRATED CARE BOARD,April 2026,630,591,0,0.9381,Above 80%,False
J3J8Z,NEWMEDICA - OXFORDSHIRE,NHS THAMES VALLEY INTEGRATED CARE BOARD,April 2026,958,900,0,0.9395,Above 80%,False
E1U4T,SPAMEDICA CARLISLE,NHS NORTH EAST AND NORTH CUMBRIA INTEGRATED CARE BOARD,April 2026,914,859,0,0.9398,Above 80%,False
NRP,BEACON MEDICAL SERVICES GROUP LIMITED,NHS GREATER MANCHESTER INTEGRATED CARE BOARD,April 2026,4686,4406,0,0.9402,Above 80%,False
Q6V1S,OPTEGRA EYE HOSPITAL SHEFFIELD,NHS SOUTH YORKSHIRE INTEGRATED CARE BOARD,April 2026,310,292,0,0.9419,Above 80%,False
NT339,SPIRE REGENCY HOSPITAL,NHS CHESHIRE AND MERSEYSIDE INTEGRATED CARE BOARD,April 2026,2004,1888,0,0.9421,Above 80%,False
I1H7K,SPAMEDICA SALE,NHS GREATER MANCHESTER INTEGRATED CARE BOARD,April 2026,260,245,0,0.9423,Above 80%,False
NPG07,SPAMEDICA EYE HOSPITAL (WAKEFIELD),NHS WEST YORKSHIRE INTEGRATED CARE BOARD,April 2026,660,622,0,0.9424,Above 80%,False
NPG17,SPAMEDICA PRESTON,NHS LANCASHIRE AND SOUTH CUMBRIA INTEGRATED CARE BOARD,April 2026,365,344,0,0.9425,Above 80%,False
E3D4A,SPAMEDICA TRURO,NHS CORNWALL AND THE ISLES OF SCILLY INTEGRATED CARE BOARD,April 2026,337,318,0,0.9436,Above 80%,False
NPG02,SPAMEDICA WIRRAL,NHS CHESHIRE AND MERSEYSIDE INTEGRATED CARE BOARD,April 2026,392,370,0,0.9439,Above 80%,False
S1Z4X,NEWMEDICA - BIRMINGHAM,NHS BIRMINGHAM AND SOLIHULL INTEGRATED CARE BOARD,April 2026,936,884,0,0.9444,Above 80%,False
RW5,LANCASHIRE & SOUTH CUMBRIA NHS FOUNDATION TRUST,NHS LANCASHIRE AND SOUTH CUMBRIA INTEGRATED CARE BOARD,April 2026,3816,3605,0,0.9447,Above 80%,False
NT315,SPIRE BUSHEY HOSPITAL,NHS CENTRAL EAST INTEGRATED CARE BOARD,April 2026,1078,1019,0,0.9453,Above 80%,False
ACG37,NEWMEDICA - IPSWICH,NHS NORFOLK AND SUFFOLK INTEGRATED CARE BOARD,April 2026,1218,1152,0,0.9458,Above 80%,False
Q1W6P,SPAMEDICA WATFORD,NHS CENTRAL EAST INTEGRATED CARE BOARD,April 2026,451,427,0,0.9468,Above 80%,False
RPY,THE ROYAL MARSDEN NHS FOUNDATION TRUST,NHS WEST AND NORTH LONDON INTEGRATED CARE BOARD,April 2026,1804,1710,0,0.9479,Above 80%,False
NPG23,SPAMEDICA DERBY,NHS DERBY AND DERBYSHIRE INTEGRATED CARE BOARD,April 2026,540,512,0,0.9481,Above 80%,False
R1G7E,SPAMEDICA KENDAL,NHS LANCASHIRE AND SOUTH CUMBRIA INTEGRATED CARE BOARD,April 2026,454,431,0,0.9493,Above 80%,False
I2C7H,SPAMEDICA BRADFORD,NHS WEST YORKSHIRE INTEGRATED CARE BOARD,April 2026,246,234,0,0.9512,Above 80%,False
NXP,INDEPENDENT HEALTH GROUP,"NHS BATH AND NORTH EAST SOMERSET, SWINDON AND WILTSHIRE INTEGRATED CARE BOARD",April 2026,1121,1071,0,0.9554,Above 80%,False
NPG08,SPAMEDICA BOLTON,NHS GREATER MANCHESTER INTEGRATED CARE BOARD,April 2026,782,748,0,0.9565,Above 80%,False
L9D3Z,SPAMEDICA LEICESTER,"NHS LEICESTER, LEICESTERSHIRE AND RUTLAND INTEGRATED CARE BOARD",April 2026,362,347,0,0.9586,Above 80%,False
REN,THE CLATTERBRIDGE CANCER CENTRE NHS FOUNDATION TRUST,NHS CHESHIRE AND MERSEYSIDE INTEGRATED CARE BOARD,April 2026,843,809,0,0.9597,Above 80%,False
NPG19,SPAMEDICA BEDFORD,NHS CENTRAL EAST INTEGRATED CARE BOARD,April 2026,325,312,0,0.96,Above 80%,False
A1S9E,OPTEGRA EYE HOSPITAL YORK,NHS HUMBER AND NORTH YORKSHIRE INTEGRATED CARE BOARD,April 2026,584,561,0,0.9606,Above 80%,False
NPG18,SPAMEDICA HULL,NHS HUMBER AND NORTH YORKSHIRE INTEGRATED CARE BOARD,April 2026,493,474,0,0.9615,Above 80%,False
M7C9Q,SPAMEDICA EPSOM,NHS SURREY AND SUSSEX INTEGRATED CARE BOARD,April 2026,423,407,0,0.9622,Above 80%,False
T8V3L,SPAMEDICA DONCASTER,NHS SOUTH YORKSHIRE INTEGRATED CARE BOARD,April 2026,404,389,0,0.9629,Above 80%,False
F4B0R,SPAMEDICA GUILDFORD,NHS SURREY AND SUSSEX INTEGRATED CARE BOARD,April 2026,27,26,0,0.963,Above 80%,False
Q8X0X,SPAMEDICA ISLE OF WIGHT COMMUNITY DIAGNOSTIC & TREATMENT CENTRE,NHS HAMPSHIRE AND ISLE OF WIGHT INTEGRATED CARE BOARD,April 2026,27,26,0,0.963,Above 80%,False
H1T2P,SPAMEDICA SWINDON,"NHS BATH AND NORTH EAST SOMERSET, SWINDON AND WILTSHIRE INTEGRATED CARE BOARD",April 2026,109,105,0,0.9633,Above 80%,False
G5X2Q,SPAMEDICA NORTH TYNESIDE,NHS NORTH EAST AND NORTH CUMBRIA INTEGRATED CARE BOARD,April 2026,464,447,0,0.9634,Above 80%,False
NTPAD,PRACTICE PLUS GROUP SURGICAL CENTRE - ST MARYS PORTSMOUTH,NHS HAMPSHIRE AND ISLE OF WIGHT INTEGRATED CARE BOARD,April 2026,1756,1692,0,0.9636,Above 80%,False
Z9Z1G,SPAMEDICA GATESHEAD,NHS NORTH EAST AND NORTH CUMBRIA INTEGRATED CARE BOARD,April 2026,579,558,0,0.9637,Above 80%,False
H4Y7F,SPAMEDICA DORCHESTER,NHS DORSET INTEGRATED CARE BOARD,April 2026,554,534,0,0.9639,Above 80%,False
ACG24,NEWMEDICA - TEESSIDE - NORTH ORMESBY,NHS NORTH EAST AND NORTH CUMBRIA INTEGRATED CARE BOARD,April 2026,1387,1337,0,0.964,Above 80%,False
R7W2O,NEWCASTLE NEWMEDICA LTD,NHS NORTH EAST AND NORTH CUMBRIA INTEGRATED CARE BOARD,April 2026,948,914,0,0.9641,Above 80%,False
NDJ,FIRST COMMUNITY HEALTH AND CARE CIC,NHS SURREY AND SUSSEX INTEGRATED CARE BOARD,April 2026,846,816,0,0.9645,Above 80%,False
NAM01,PROBUS SURGICAL CENTRE,NHS CORNWALL AND THE ISLES OF SCILLY INTEGRATED CARE BOARD,April 2026,867,837,0,0.9654,Above 80%,False
NNH04,OPTEGRA (MANCHESTER EYE HOSPITAL),NHS GREATER MANCHESTER INTEGRATED CARE BOARD,April 2026,794,767,0,0.966,Above 80%,False
NEQ,PHOENIX HEALTH SOLUTIONS LIMITED HQ,NHS WEST YORKSHIRE INTEGRATED CARE BOARD,April 2026,561,542,0,0.9661,Above 80%,False
NNH05,OPTEGRA (BIRMINGHAM EYE HOSPITAL),NHS BIRMINGHAM AND SOLIHULL INTEGRATED CARE BOARD,April 2026,700,678,0,0.9686,Above 80%,False
NR5,LIVEWELL SOUTHWEST,NHS DEVON INTEGRATED CARE BOARD,April 2026,64,62,0,0.9688,Above 80%,False
RBV,THE CHRISTIE NHS FOUNDATION TRUST,NHS GREATER MANCHESTER INTEGRATED CARE BOARD,April 2026,3101,3005,0,0.969,Above 80%,False
S4E3I,MIDLAND EYE (EYE-DOCS LTD),NHS BIRMINGHAM AND SOLIHULL INTEGRATED CARE BOARD,April 2026,659,641,0,0.9727,Above 80%,False
NQH,NOVUS HEALTH LTD,NHS WEST YORKSHIRE INTEGRATED CARE BOARD,April 2026,883,860,0,0.974,Above 80%,False
A5E1F,OPTEGRA EYE HOSPITAL PRESTON,NHS LANCASHIRE AND SOUTH CUMBRIA INTEGRATED CARE BOARD,April 2026,234,228,0,0.9744,Above 80%,False
RXG,SOUTH WEST YORKSHIRE PARTNERSHIP NHS FOUNDATION TRUST,NHS WEST YORKSHIRE INTEGRATED CARE BOARD,April 2026,4385,4273,0,0.9745,Above 80%,False
RJ8,CORNWALL PARTNERSHIP NHS FOUNDATION TRUST,NHS CORNWALL AND THE ISLES OF SCILLY INTEGRATED CARE BOARD,April 2026,703,687,0,0.9772,Above 80%,False
E4K5T,OPTEGRA EYE HOSPITAL NEWCASTLE,NHS NORTH EAST AND NORTH CUMBRIA INTEGRATED CARE BOARD,April 2026,426,417,0,0.9789,Above 80%,False
B1A5K,NEWMEDICA - NOTTINGHAM,NHS NOTTINGHAM AND NOTTINGHAMSHIRE INTEGRATED CARE BOARD,April 2026,619,606,0,0.979,Above 80%,False
NRL,HEART NETWORKS,NHS GREATER MANCHESTER INTEGRATED CARE BOARD,April 2026,932,913,0,0.9796,Above 80%,False
NT411,CLEMENTINE CHURCHILL HOSPITAL,NHS WEST AND NORTH LONDON INTEGRATED CARE BOARD,April 2026,2114,2075,0,0.9816,Above 80%,False
NPG15,SPAMEDICA NEWCASTLE-UNDER-LYME,NHS STAFFORDSHIRE AND STOKE-ON-TRENT INTEGRATED CARE BOARD,April 2026,390,383,0,0.9821,Above 80%,False
F0R0W,NEWMEDICA - DARLINGTON,NHS NORTH EAST AND NORTH CUMBRIA INTEGRATED CARE BOARD,April 2026,65,64,0,0.9846,Above 80%,False
R6X7C,SPAMEDICA MACCLESFIELD COMMUNITY DIAGNOSTIC & TREATMENT CENTRE,NHS CHESHIRE AND MERSEYSIDE INTEGRATED CARE BOARD,April 2026,80,79,0,0.9875,Above 80%,False
P5Y6K,NEWMEDICA - SHREWSBURY,"NHS SHROPSHIRE, TELFORD AND WREKIN INTEGRATED CARE BOARD",April 2026,495,489,1,0.9879,Above 80%,False
DFY01,COTSWOLDS SURGICAL PARTNERS,"NHS BATH AND NORTH EAST SOMERSET, SWINDON AND WILTSHIRE INTEGRATED CARE BOARD",April 2026,275,272,0,0.9891,Above 80%,False
NNH06,OPTEGRA (SOLENT EYE HOSPITAL),NHS HAMPSHIRE AND ISLE OF WIGHT INTEGRATED CARE BOARD,April 2026,695,691,0,0.9942,Above 80%,False
RYY,KENT COMMUNITY HEALTH NHS FOUNDATION TRUST,NHS KENT AND MEDWAY INTEGRATED CARE BOARD,April 2026,4825,4818,0,0.9985,Above 80%,False
D9E5L,OPTEGRA EYE HOSPITAL BRIGHTON,NHS SURREY AND SUSSEX INTEGRATED CARE BOARD,April 2026,661,660,1,0.9985,Above 80%,False
NNH03,OPTEGRA (SURREY EYE HOSPITAL),NHS SURREY AND SUSSEX INTEGRATED CARE BOARD,April 2026,741,740,0,0.9987,Above 80%,False
NWV01,COHESE HEALTHCARE,"NHS BRISTOL, NORTH SOMERSET AND SOUTH GLOUCESTERSHIRE INTEGRATED CARE BOARD",April 2026,954,953,0,0.999,Above 80%,False
A6U7U,OPTEGRA EYE HOSPITAL NOTTINGHAM,NHS NOTTINGHAM AND NOTTINGHAMSHIRE INTEGRATED CARE BOARD,April 2026,114,114,0,1.0,Above 80%,False
ACG08,NEWMEDICA OPHTHALMOLOGY - NUNEATON - CAMP HILL - GP LED HEALTH CENTRE,NHS COVENTRY AND WARWICKSHIRE INTEGRATED CARE BOARD,April 2026,18,18,0,1.0,Above 80%,False
NQX,PROVIDE ENTERPRISES,NHS ESSEX INTEGRATED CARE BOARD,April 2026,190,190,0,1.0,Above 80%,False
NPR01,ABOUT HEALTH HQ,NHS SOMERSET INTEGRATED CARE BOARD,April 2026,1396,1396,0,1.0,Above 80%,False
X7Y2H,ACES WILMSLOW,NHS CHESHIRE AND MERSEYSIDE INTEGRATED CARE BOARD,April 2026,5,5,0,1.0,Above 80%,False
X7M7U,ACES LAKESIDE,NHS ESSEX INTEGRATED CARE BOARD,April 2026,11,11,0,1.0,Above 80%,False
V8A3H,SPAMEDICA SHEFFIELD COMMUNITY DIAGNOSTIC & TREATMENT CENTRE,NHS SOUTH YORKSHIRE INTEGRATED CARE BOARD,April 2026,38,38,0,1.0,Above 80%,False
NT445,EDGBASTON HOSPITAL,NHS BIRMINGHAM AND SOLIHULL INTEGRATED CARE BOARD,April 2026,1,1,0,1.0,Above 80%,False
NID,THE LIVING CARE GROUP,NHS WEST YORKSHIRE INTEGRATED CARE BOARD,April 2026,152,152,0,1.0,Above 80%,False
R6B6E,ACES DARLINGTON,NHS NORTH EAST AND NORTH CUMBRIA INTEGRATED CARE BOARD,April 2026,1,1,0,1.0,Above 80%,False
G3E7R,OPTEGRA EYE HOSPITAL MAIDSTONE,NHS KENT AND MEDWAY INTEGRATED CARE BOARD,April 2026,435,435,0,1.0,Above 80%,False
E6F9I,ACES BRADFORD,NHS WEST YORKSHIRE INTEGRATED CARE BOARD,April 2026,1,1,0,1.0,Above 80%,False
M6L9D,NEWMEDICA - NOTTINGHAM - KEYWORTH,NHS NOTTINGHAM AND NOTTINGHAMSHIRE INTEGRATED CARE BOARD,April 2026,23,23,0,1.0,Above 80%,False
M9U8M,ENDOCARE DIAGNOSTICS LTD,NHS GREATER MANCHESTER INTEGRATED CARE BOARD,April 2026,78,78,0,1.0,Above 80%,False
GEC01,RAPID INVESTIGATION SERVICE,NHS HAMPSHIRE AND ISLE OF WIGHT INTEGRATED CARE BOARD,April 2026,99,99,0,1.0,Above 80%,False
K3V9U,SPAMEDICA STEVENAGE COMMUNITY DIAGNOSTIC & TREATMENT CENTRE,NHS CENTRAL EAST INTEGRATED CARE BOARD,April 2026,7,7,0,1.0,Above 80%,False
S8O6A,ACES MANCHESTER TRAFFORD,NHS GREATER MANCHESTER INTEGRATED CARE BOARD,April 2026,2,2,0,1.0,Above 80%,False
RX4,"CUMBRIA, NORTHUMBERLAND, TYNE AND WEAR NHS FOUNDATION TRUST",NHS NORTH EAST AND NORTH CUMBRIA INTEGRATED CARE BOARD,April 2026,139,139,0,1.0,Above 80%,False
D0Y2J,OPTEGRA AT HAVANT HEALTH CENTRE (HAVANT),NHS HAMPSHIRE AND ISLE OF WIGHT INTEGRATED CARE BOARD,April 2026,20,20,0,1.0,Above 80%,False
RWX,BERKSHIRE HEALTHCARE NHS FOUNDATION TRUST,NHS THAMES VALLEY INTEGRATED CARE BOARD,April 2026,99,99,0,1.0,Above 80%,False
AJ8,THE GRANGE MEDICAL CENTRE HQ,NHS WEST YORKSHIRE INTEGRATED CARE BOARD,April 2026,216,216,0,1.0,Above 80%,False
ACM,EYE CARE MEDICAL LTD,NHS CHESHIRE AND MERSEYSIDE INTEGRATED CARE BOARD,April 2026,8,8,0,1.0,Above 80%,False
